Identifiant du compteur,voie,Identifiant du site de comptage,Nom du site de comptage,Comptage horaire,date,Date d'installation du site de comptage,Lien vers photo du site de comptage,Coordonnées géographiques,id_compteur,nom_compteur,id,sum_counts,installation_date,url_photos_n1,coordinates,counter,photos,test_lien_vers_photos_du_site_de_comptage_,id_photo_1,url_sites,type_dimage,mois_annee_comptage,Num_Acc,senc,catv,occutc,obs,obsm,choc,manv,num_veh,id_vehicule,motor,an,mois,jour,hrmn,lum,agg,int,atm,col,com,adr,gps,lat,long,dep,catr,v1,v2,circ,nbv,pr,pr1,vosp,prof,plan,lartpc,larrout,surf,infra,situ,env1,vma
100050132-SC,boulevardsaintgermain,100050132.0,243 Boulevard Saint Germain NO-SE,72.0,2019-08-31T17:00:00+00:00,2018-12-13,https://www.eco-visio.net/Photos/100050132/15765763964200.jpg,"48.86179,2.32014",,,,,,,,,,,,,,,201900039265,2.0,1,,0.0,1.0,0.0,7.0,A01,138 232 263,5.0,2019,8,31,17:37,1,2,2,1.0,6.0,75105,BOULEVARD SAINT GERMAIN,,"48,8513880","2,3431830",75,4,0.0,,1.0,4.0,0,0,0.0,1.0,1.0,,,1.0,0.0,1.0,,50.0
100042374-110042374,voiegeorgespompidou,100042374.0,Voie Georges Pompidou,85.0,2019-07-11T08:00:00+00:00,2017-12-15,https://www.eco-visio.net/Photos/100042374/15172173000772.jpg,"48.848399,2.275932",,,,,,,,,,,,,,,201900053881,2.0,1,,0.0,2.0,3.0,15.0,B01,138 204 698,5.0,2019,7,11,08:30,1,2,4,1.0,3.0,75116,VOIE GEORGES POMPIDOU,,"48,8414330","2,2691570",75,4,0.0,,2.0,3.0,0,0,0.0,1.0,1.0,,,1.0,0.0,1.0,,50.0
100042374-109042374,voiegeorgespompidou,100042374.0,Voie Georges Pompidou,200.0,2019-07-11T08:00:00+00:00,2017-12-15,https://www.eco-visio.net/Photos/100042374/15172173000772.jpg,"48.848399,2.275932",,,,,,,,,,,,,,,201900053881,2.0,1,,0.0,2.0,3.0,15.0,B01,138 204 698,5.0,2019,7,11,08:30,1,2,4,1.0,3.0,75116,VOIE GEORGES POMPIDOU,,"48,8414330","2,2691570",75,4,0.0,,2.0,3.0,0,0,0.0,1.0,1.0,,,1.0,0.0,1.0,,50.0
100044506-SC,boulevardvoltaire,100044506.0,72 boulevard Voltaire NO-SE,152.0,2019-03-13T20:00:00+00:00,2018-06-27,https://www.eco-visio.net/Photos/100044506/15302610479460.jpg,"48.86155,2.37407",,,,,,,,,,,,,,,201900021893,2.0,1,,0.0,2.0,2.0,1.0,A01,138 265 400,5.0,2019,3,13,20:15,5,2,2,1.0,3.0,75111,BOULEVARD VOLTAIRE,,"48,8597500","2,3768410",75,4,0.0,,2.0,4.0,0,0,0.0,1.0,1.0,,,1.0,0.0,1.0,,50.0
100044493-SC,boulevardvoltaire,100044493.0,67 boulevard Voltaire SE-NO,103.0,2019-03-13T20:00:00+00:00,2018-06-27,https://www.eco-visio.net/Photos/100044493/15302602919700.jpg,"48.86149,2.37376",,,,,,,,,,,,,,,201900021893,2.0,1,,0.0,2.0,2.0,1.0,A01,138 265 400,5.0,2019,3,13,20:15,5,2,2,1.0,3.0,75111,BOULEVARD VOLTAIRE,,"48,8597500","2,3768410",75,4,0.0,,2.0,4.0,0,0,0.0,1.0,1.0,,,1.0,0.0,1.0,,50.0
100044493-SC,boulevardvoltaire,100044493.0,67 boulevard Voltaire SE-NO,311.0,2019-06-04T09:00:00+00:00,2018-06-27,https://www.eco-visio.net/Photos/100044493/15302602919700.jpg,"48.86149,2.37376",,,,,,,,,,,,,,,201900018000,2.0,1,,0.0,1.0,1.0,21.0,A01,138 272 758,5.0,2019,6,4,09:10,1,2,2,2.0,6.0,75111,BOULEVARD VOLTAIRE,,"48,8651810","2,3677300",75,4,0.0,,2.0,2.0,0,0,1.0,1.0,1.0,,,1.0,0.0,5.0,,50.0
100044506-SC,boulevardvoltaire,100044506.0,72 boulevard Voltaire NO-SE,152.0,2019-06-04T09:00:00+00:00,2018-06-27,https://www.eco-visio.net/Photos/100044506/15302610479460.jpg,"48.86155,2.37407",,,,,,,,,,,,,,,201900018000,2.0,1,,0.0,1.0,1.0,21.0,A01,138 272 758,5.0,2019,6,4,09:10,1,2,2,2.0,6.0,75111,BOULEVARD VOLTAIRE,,"48,8651810","2,3677300",75,4,0.0,,2.0,2.0,0,0,1.0,1.0,1.0,,,1.0,0.0,5.0,,50.0
100042374-109042374,voiegeorgespompidou,100042374.0,Voie Georges Pompidou,85.0,2019-09-28T18:00:00+00:00,2017-12-15,https://www.eco-visio.net/Photos/100042374/15172173000772.jpg,"48.848399,2.275932",,,,,,,,,,,,,,,201900044714,1.0,1,,0.0,2.0,2.0,2.0,B01,138 222 032,5.0,2019,9,28,18:30,1,2,1,1.0,2.0,75116,VOIE GEORGES POMPIDOU,,"48,8492730","2,2767820",75,4,0.0,,1.0,4.0,0,0,-1.0,1.0,1.0,,,1.0,0.0,1.0,,50.0
100042374-110042374,voiegeorgespompidou,100042374.0,Voie Georges Pompidou,40.0,2019-09-28T18:00:00+00:00,2017-12-15,https://www.eco-visio.net/Photos/100042374/15172173000772.jpg,"48.848399,2.275932",,,,,,,,,,,,,,,201900044714,1.0,1,,0.0,2.0,2.0,2.0,B01,138 222 032,5.0,2019,9,28,18:30,1,2,1,1.0,2.0,75116,VOIE GEORGES POMPIDOU,,"48,8492730","2,2767820",75,4,0.0,,1.0,4.0,0,0,-1.0,1.0,1.0,,,1.0,0.0,1.0,,50.0
100036719-103036719,quaidelhoteldeville,100036719.0,18 quai de l'hotel de ville,16.0,2019-10-27T01:00:00+00:00,2017-07-12,https://www.eco-visio.net/Photos/100036719/14997911938171.jpg,"48.85372,2.35702",,,,,,,,,,,,,,,201900053551,2.0,1,,0.0,2.0,1.0,15.0,A01,138 205 359,5.0,2019,10,27,01:20,5,2,3,1.0,3.0,75104,QUAI DE L HOTEL DE VILLE,,"48,8553251","2,3527582",75,4,0.0,,2.0,2.0,0,0,0.0,1.0,1.0,,,1.0,0.0,1.0,,50.0
100036719-104036719,quaidelhoteldeville,100036719.0,18 quai de l'hotel de ville,14.0,2019-10-27T01:00:00+00:00,2017-07-12,https://www.eco-visio.net/Photos/100036719/14997911938171.jpg,"48.85372,2.35702",,,,,,,,,,,,,,,201900053551,2.0,1,,0.0,2.0,1.0,15.0,A01,138 205 359,5.0,2019,10,27,01:20,5,2,3,1.0,3.0,75104,QUAI DE L HOTEL DE VILLE,,"48,8553251","2,3527582",75,4,0.0,,2.0,2.0,0,0,0.0,1.0,1.0,,,1.0,0.0,1.0,,50.0
100044493-SC,boulevardvoltaire,100044493.0,67 boulevard Voltaire SE-NO,223.0,2019-10-18T18:00:00+00:00,2018-06-27,https://www.eco-visio.net/Photos/100044493/15302602919700.jpg,"48.86149,2.37376",,,,,,,,,,,,,,,201900010081,2.0,1,,0.0,2.0,1.0,1.0,B01,138 287 690,5.0,2019,10,18,18:30,2,2,1,1.0,3.0,75111,BOULEVARD VOLTAIRE,,"48,8550120","2,3848330",75,4,0.0,,2.0,2.0,0,0,1.0,1.0,1.0,,,1.0,0.0,5.0,,30.0
100044506-SC,boulevardvoltaire,100044506.0,72 boulevard Voltaire NO-SE,375.0,2019-10-18T18:00:00+00:00,2018-06-27,https://www.eco-visio.net/Photos/100044506/15302610479460.jpg,"48.86155,2.37407",,,,,,,,,,,,,,,201900010081,2.0,1,,0.0,2.0,1.0,1.0,B01,138 287 690,5.0,2019,10,18,18:30,2,2,1,1.0,3.0,75111,BOULEVARD VOLTAIRE,,"48,8550120","2,3848330",75,4,0.0,,2.0,2.0,0,0,1.0,1.0,1.0,,,1.0,0.0,5.0,,30.0
100044493-SC,boulevardvoltaire,100044493.0,67 boulevard Voltaire SE-NO,169.0,2019-11-06T18:00:00+00:00,2018-06-27,https://www.eco-visio.net/Photos/100044493/15302602919700.jpg,"48.86149,2.37376",,,,,,,,,,,,,,,201900042394,2.0,1,,0.0,1.0,0.0,1.0,A01,138 226 417,5.0,2019,11,6,18:05,5,2,3,2.0,6.0,75111,BOULEVARD VOLTAIRE,,"48,8610043","2,3748363",75,4,0.0,,2.0,4.0,0,0,1.0,1.0,1.0,,,2.0,0.0,5.0,,50.0
100044506-SC,boulevardvoltaire,100044506.0,72 boulevard Voltaire NO-SE,364.0,2019-11-06T18:00:00+00:00,2018-06-27,https://www.eco-visio.net/Photos/100044506/15302610479460.jpg,"48.86155,2.37407",,,,,,,,,,,,,,,201900042394,2.0,1,,0.0,1.0,0.0,1.0,A01,138 226 417,5.0,2019,11,6,18:05,5,2,3,2.0,6.0,75111,BOULEVARD VOLTAIRE,,"48,8610043","2,3748363",75,4,0.0,,2.0,4.0,0,0,1.0,1.0,1.0,,,2.0,0.0,5.0,,50.0
100044495-SC,avenuedelagrandearmee,100044495.0,7 Avenue de la Grande Armée NO-SE,126.0,2019-09-11T19:00:00+00:00,2018-07-27,https://www.eco-visio.net/Photos/100044495/15302615766480.jpg,"48.87451,2.29215",,,,,,,,,,,,,,,201900018988,1.0,1,,0.0,2.0,1.0,5.0,B01,138 270 957,5.0,2019,9,11,19:50,5,2,2,1.0,3.0,75117,AVENUE DE LA GRANDE ARMEE,,"48,8746070","2,2931130",75,4,0.0,,2.0,8.0,0,0,0.0,2.0,1.0,,,1.0,5.0,1.0,,50.0
100044494-SC,avenuedelagrandearmee,100044494.0,10  avenue de la Grande Armée SE-NO,62.0,2019-09-11T19:00:00+00:00,2018-07-27,https://www.eco-visio.net/Photos/100044494/15765753078770.jpg,"48.874716,2.292439",,,,,,,,,,,,,,,201900018988,1.0,1,,0.0,2.0,1.0,5.0,B01,138 270 957,5.0,2019,9,11,19:50,5,2,2,1.0,3.0,75117,AVENUE DE LA GRANDE ARMEE,,"48,8746070","2,2931130",75,4,0.0,,2.0,8.0,0,0,0.0,2.0,1.0,,,1.0,5.0,1.0,,50.0
100047533-SC,boulevarddemagenta,100047533.0,89 boulevard de Magenta NO-SE,335.0,2019-03-21T08:00:00+00:00,2018-11-28,https://www.eco-visio.net/Photos/100047533/15434006878980.jpg,"48.877686,2.3544712",,,,,,,,,,,,,,,201900008095,2.0,1,,0.0,0.0,0.0,21.0,A01,138 291 336,5.0,2019,3,21,08:00,1,2,3,1.0,6.0,75110,BOULEVARD DE MAGENTA,,"48,8806250","2,3521530",75,4,0.0,,2.0,4.0,0,0,0.0,2.0,1.0,,,1.0,0.0,1.0,,50.0
100050132-SC,boulevardsaintgermain,100050132.0,243 Boulevard Saint Germain NO-SE,68.0,2019-04-17T12:00:00+00:00,2018-12-13,https://www.eco-visio.net/Photos/100050132/15765763964200.jpg,"48.86179,2.32014",,,,,,,,,,,,,,,201900021281,2.0,1,,0.0,2.0,0.0,7.0,B01,138 266 592,5.0,2019,4,17,12:30,1,2,2,1.0,3.0,75106,BOULEVARD SAINT GERMAIN,,"48,8516760","2,3420380",75,4,0.0,,1.0,4.0,0,0,0.0,1.0,1.0,,,1.0,0.0,6.0,,50.0
100044506-SC,boulevardvoltaire,100044506.0,72 boulevard Voltaire NO-SE,105.0,2019-02-05T16:00:00+00:00,2018-06-27,https://www.eco-visio.net/Photos/100044506/15302610479460.jpg,"48.86155,2.37407",,,,,,,,,,,,,,,201900013659,1.0,1,,0.0,2.0,5.0,1.0,B01,138 280 987,5.0,2019,2,5,16:00,1,2,1,1.0,3.0,75111,BOULEVARD VOLTAIRE,,"48,8513220","2,3909920",75,4,0.0,,2.0,2.0,0,0,0.0,1.0,1.0,,,1.0,0.0,1.0,,50.0
100044493-SC,boulevardvoltaire,100044493.0,67 boulevard Voltaire SE-NO,78.0,2019-02-05T16:00:00+00:00,2018-06-27,https://www.eco-visio.net/Photos/100044493/15302602919700.jpg,"48.86149,2.37376",,,,,,,,,,,,,,,201900013659,1.0,1,,0.0,2.0,5.0,1.0,B01,138 280 987,5.0,2019,2,5,16:00,1,2,1,1.0,3.0,75111,BOULEVARD VOLTAIRE,,"48,8513220","2,3909920",75,4,0.0,,2.0,2.0,0,0,0.0,1.0,1.0,,,1.0,0.0,1.0,,50.0
100056038-SC,avenuedeschampselysees,100056038.0,44 avenue des Champs Elysées SE-NO,66.0,2019-12-30T14:00:00+00:00,2019-10-30,https://www.eco-visio.net/Photos/100056038/15724491524180.jpg,"48.869873,2.307419",,,,,,,,,,,,,,,201900014912,2.0,1,,0.0,2.0,8.0,1.0,B01,138 278 578,5.0,2019,12,30,14:12,1,2,7,1.0,3.0,75108,PLACE CLEMENCEAU,,"48,8677870","2,3138510",75,4,0.0,,2.0,8.0,0,0,-1.0,1.0,1.0,,,1.0,0.0,1.0,,50.0
100056042-SC,avenuedeschampselysees,100056042.0,33 avenue des Champs Elysées NO-SE,106.0,2019-12-30T14:00:00+00:00,2019-10-30,https://www.eco-visio.net/Photos/100056042/15724494591310.jpg,"48.869831,2.307076",,,,,,,,,,,,,,,201900014912,2.0,1,,0.0,2.0,8.0,1.0,B01,138 278 578,5.0,2019,12,30,14:12,1,2,7,1.0,3.0,75108,PLACE CLEMENCEAU,,"48,8677870","2,3138510",75,4,0.0,,2.0,8.0,0,0,-1.0,1.0,1.0,,,1.0,0.0,1.0,,50.0
100036718-104036718,quaifrancoismauriac,100036718.0,39 Quai François Mauriac,83.0,2019-02-11T19:00:00+00:00,2017-07-12,https://www.eco-visio.net/Photos/100036718/14997911465211.jpg,"48.8344028,2.376941",,,,,,,,,,,,,,,201900006172,2.0,1,,0.0,2.0,8.0,1.0,B01,138 294 922,5.0,2019,2,11,19:00,5,2,3,1.0,3.0,75113,QUAI FRANCOIS MAURIAC,,"48,8329760","2,3787690",75,4,0.0,,2.0,2.0,0,0,1.0,1.0,1.0,,,1.0,0.0,1.0,,50.0
100036718-103036718,quaifrancoismauriac,100036718.0,39 Quai François Mauriac,83.0,2019-02-11T19:00:00+00:00,2017-07-12,https://www.eco-visio.net/Photos/100036718/14997911465211.jpg,"48.8344028,2.376941",,,,,,,,,,,,,,,201900006172,2.0,1,,0.0,2.0,8.0,1.0,B01,138 294 922,5.0,2019,2,11,19:00,5,2,3,1.0,3.0,75113,QUAI FRANCOIS MAURIAC,,"48,8329760","2,3787690",75,4,0.0,,2.0,2.0,0,0,1.0,1.0,1.0,,,1.0,0.0,1.0,,50.0
100047547-104047547,ruejuliabartet,100047547.0,6 rue Julia Bartet,30.0,2019-03-03T18:00:00+00:00,2018-11-28,https://www.eco-visio.net/Photos/100047547/15433319774680.jpg,"48.82648,2.303149",,,,,,,,,,,,,,,201900033945,1.0,1,,0.0,2.0,2.0,17.0,A01,138 242 411,5.0,2019,3,3,18:05,2,2,2,1.0,3.0,75114,RUE JULIA BARTET,,"48,8254580","2,3023080",75,4,0.0,,2.0,4.0,0,0,0.0,1.0,1.0,,,1.0,0.0,1.0,,50.0
100047547-103047547,ruejuliabartet,100047547.0,6 rue Julia Bartet,16.0,2019-03-03T18:00:00+00:00,2018-11-28,https://www.eco-visio.net/Photos/100047547/15433319774680.jpg,"48.82648,2.303149",,,,,,,,,,,,,,,201900033945,1.0,1,,0.0,2.0,2.0,17.0,A01,138 242 411,5.0,2019,3,3,18:05,2,2,2,1.0,3.0,75114,RUE JULIA BARTET,,"48,8254580","2,3023080",75,4,0.0,,2.0,4.0,0,0,0.0,1.0,1.0,,,1.0,0.0,1.0,,50.0
100044493-SC,boulevardvoltaire,100044493.0,67 boulevard Voltaire SE-NO,118.0,2019-06-26T12:00:00+00:00,2018-06-27,https://www.eco-visio.net/Photos/100044493/15302602919700.jpg,"48.86149,2.37376",,,,,,,,,,,,,,,201900030118,1.0,1,,0.0,2.0,1.0,17.0,A01,138 249 672,5.0,2019,6,26,12:45,1,2,1,2.0,1.0,75111,BOULEVARD VOLTAIRE,,"48,8614040","2,3740930",75,4,0.0,,2.0,2.0,0,0,1.0,1.0,1.0,,,1.0,0.0,1.0,,50.0
100044506-SC,boulevardvoltaire,100044506.0,72 boulevard Voltaire NO-SE,143.0,2019-06-26T12:00:00+00:00,2018-06-27,https://www.eco-visio.net/Photos/100044506/15302610479460.jpg,"48.86155,2.37407",,,,,,,,,,,,,,,201900030118,1.0,1,,0.0,2.0,1.0,17.0,A01,138 249 672,5.0,2019,6,26,12:45,1,2,1,2.0,1.0,75111,BOULEVARD VOLTAIRE,,"48,8614040","2,3740930",75,4,0.0,,2.0,2.0,0,0,1.0,1.0,1.0,,,1.0,0.0,1.0,,50.0
100036718-104036718,quaifrancoismauriac,100036718.0,39 Quai François Mauriac,46.0,2019-12-18T07:00:00+00:00,2017-07-12,https://www.eco-visio.net/Photos/100036718/14997911465211.jpg,"48.8344028,2.376941",,,,,,,,,,,,,,,201900029520,2.0,1,,0.0,2.0,2.0,1.0,B01,138 250 763,5.0,2019,12,18,07:50,1,2,3,8.0,3.0,75113,QUAI FRANCOIS MAURIAC,,"48,8356830","2,3753800",75,4,0.0,,2.0,2.0,0,0,1.0,1.0,1.0,,,1.0,0.0,5.0,,50.0
100036718-103036718,quaifrancoismauriac,100036718.0,39 Quai François Mauriac,157.0,2019-12-18T07:00:00+00:00,2017-07-12,https://www.eco-visio.net/Photos/100036718/14997911465211.jpg,"48.8344028,2.376941",,,,,,,,,,,,,,,201900029520,2.0,1,,0.0,2.0,2.0,1.0,B01,138 250 763,5.0,2019,12,18,07:50,1,2,3,8.0,3.0,75113,QUAI FRANCOIS MAURIAC,,"48,8356830","2,3753800",75,4,0.0,,2.0,2.0,0,0,1.0,1.0,1.0,,,1.0,0.0,5.0,,50.0
100036719-103036719,quaidelhoteldeville,100036719.0,18 quai de l'hotel de ville,70.0,2019-09-06T17:00:00+00:00,2017-07-12,https://www.eco-visio.net/Photos/100036719/14997911938171.jpg,"48.85372,2.35702",,,,,,,,,,,,,,,201900026421,0.0,1,,0.0,2.0,5.0,19.0,Z01,138 256 569,5.0,2019,9,6,17:20,1,2,2,1.0,6.0,75104,QUAI DE L HOTEL DE VILLE,,"48,8543710","2,3549358",75,4,0.0,,2.0,4.0,0,0,0.0,1.0,1.0,,,1.0,5.0,1.0,,50.0
100036719-104036719,quaidelhoteldeville,100036719.0,18 quai de l'hotel de ville,84.0,2019-09-06T17:00:00+00:00,2017-07-12,https://www.eco-visio.net/Photos/100036719/14997911938171.jpg,"48.85372,2.35702",,,,,,,,,,,,,,,201900026421,0.0,1,,0.0,2.0,5.0,19.0,Z01,138 256 569,5.0,2019,9,6,17:20,1,2,2,1.0,6.0,75104,QUAI DE L HOTEL DE VILLE,,"48,8543710","2,3549358",75,4,0.0,,2.0,4.0,0,0,0.0,1.0,1.0,,,1.0,5.0,1.0,,50.0
100006300-SC,avenuedaumesnil,100006300.0,135 Avenue Daumesnil SE-NO,0.0,2019-12-19T10:00:00+00:00,2013-01-19,https://www.eco-visio.net/Photos/100006300/15765762690330.jpg,"48.843435,2.383378",,,,,,,,,,,,,,,201900027676,1.0,1,,0.0,2.0,1.0,13.0,B01,138 254 264,5.0,2019,12,19,10:25,1,2,3,2.0,3.0,75112,AVENUE DAUMESNIL,,"48,8384490","2,3986830",75,4,0.0,,2.0,2.0,0,0,1.0,2.0,1.0,,,2.0,0.0,1.0,,50.0
100047533-SC,boulevarddemagenta,100047533.0,89 boulevard de Magenta NO-SE,120.0,2019-02-18T12:00:00+00:00,2018-11-28,https://www.eco-visio.net/Photos/100047533/15434006878980.jpg,"48.877686,2.3544712",,,,,,,,,,,,,,,201900053280,2.0,1,,0.0,2.0,3.0,10.0,A01,138 205 863,5.0,2019,2,18,12:15,1,2,1,1.0,3.0,75110,BOULEVARD DE MAGENTA,,"48,8728600","2,3591240",75,4,0.0,,2.0,6.0,0,0,0.0,1.0,1.0,,,1.0,0.0,1.0,,50.0
100036719-104036719,quaidelhoteldeville,100036719.0,18 quai de l'hotel de ville,66.0,2019-10-25T17:00:00+00:00,2017-07-12,https://www.eco-visio.net/Photos/100036719/14997911938171.jpg,"48.85372,2.35702",,,,,,,,,,,,,,,201900057282,1.0,1,,0.0,2.0,8.0,19.0,A01,138 198 468,5.0,2019,10,25,17:20,1,2,2,8.0,3.0,75104,QUAI DE L HOTEL DE VILLE,,"48,8543721","2,3549423",75,4,0.0,,2.0,5.0,0,0,-1.0,1.0,1.0,,,1.0,0.0,1.0,,50.0
100036719-103036719,quaidelhoteldeville,100036719.0,18 quai de l'hotel de ville,76.0,2019-10-25T17:00:00+00:00,2017-07-12,https://www.eco-visio.net/Photos/100036719/14997911938171.jpg,"48.85372,2.35702",,,,,,,,,,,,,,,201900057282,1.0,1,,0.0,2.0,8.0,19.0,A01,138 198 468,5.0,2019,10,25,17:20,1,2,2,8.0,3.0,75104,QUAI DE L HOTEL DE VILLE,,"48,8543721","2,3549423",75,4,0.0,,2.0,5.0,0,0,-1.0,1.0,1.0,,,1.0,0.0,1.0,,50.0
100042374-110042374,voiegeorgespompidou,100042374.0,Voie Georges Pompidou,136.0,2019-07-09T18:00:00+00:00,2017-12-15,https://www.eco-visio.net/Photos/100042374/15172173000772.jpg,"48.848399,2.275932",,,,,,,,,,,,,,,201900057163,1.0,1,,0.0,1.0,1.0,1.0,A01,138 198 677,5.0,2019,7,9,18:20,1,2,4,1.0,6.0,75104,VOIE GEORGES POMPIDOU,,"48,8536230","2,3562980",75,4,0.0,,-1.0,1.0,0,0,0.0,1.0,1.0,,,1.0,0.0,1.0,,10.0
100042374-109042374,voiegeorgespompidou,100042374.0,Voie Georges Pompidou,219.0,2019-07-09T18:00:00+00:00,2017-12-15,https://www.eco-visio.net/Photos/100042374/15172173000772.jpg,"48.848399,2.275932",,,,,,,,,,,,,,,201900057163,1.0,1,,0.0,1.0,1.0,1.0,A01,138 198 677,5.0,2019,7,9,18:20,1,2,4,1.0,6.0,75104,VOIE GEORGES POMPIDOU,,"48,8536230","2,3562980",75,4,0.0,,-1.0,1.0,0,0,0.0,1.0,1.0,,,1.0,0.0,1.0,,10.0
100042374-109042374,voiegeorgespompidou,100042374.0,Voie Georges Pompidou,117.0,2019-12-21T11:00:00+00:00,2017-12-15,https://www.eco-visio.net/Photos/100042374/15172173000772.jpg,"48.848399,2.275932",,,,,,,,,,,,,,,201900025810,1.0,1,,12.0,0.0,7.0,16.0,A01,138 257 737,5.0,2019,12,21,11:35,1,2,4,1.0,6.0,75104,VOIE GEORGES POMPIDOU,,"48,8510483","2,3611412",75,4,0.0,,2.0,1.0,0,0,-1.0,1.0,1.0,,,1.0,6.0,1.0,,30.0
100042374-110042374,voiegeorgespompidou,100042374.0,Voie Georges Pompidou,24.0,2019-12-21T11:00:00+00:00,2017-12-15,https://www.eco-visio.net/Photos/100042374/15172173000772.jpg,"48.848399,2.275932",,,,,,,,,,,,,,,201900025810,1.0,1,,12.0,0.0,7.0,16.0,A01,138 257 737,5.0,2019,12,21,11:35,1,2,4,1.0,6.0,75104,VOIE GEORGES POMPIDOU,,"48,8510483","2,3611412",75,4,0.0,,2.0,1.0,0,0,-1.0,1.0,1.0,,,1.0,6.0,1.0,,30.0
100044506-SC,boulevardvoltaire,100044506.0,72 boulevard Voltaire NO-SE,372.0,2019-12-18T16:00:00+00:00,2018-06-27,https://www.eco-visio.net/Photos/100044506/15302610479460.jpg,"48.86155,2.37407",,,,,,,,,,,,,,,201900011322,2.0,1,,0.0,2.0,3.0,13.0,A01,138 285 461,5.0,2019,12,18,16:25,1,2,2,1.0,1.0,75111,BOULEVARD VOLTAIRE,,"48,8597420","2,3768770",75,4,0.0,,2.0,4.0,0,0,1.0,1.0,1.0,,,1.0,0.0,5.0,,50.0
100044506-SC,boulevardvoltaire,100044506.0,72 boulevard Voltaire NO-SE,372.0,2019-12-18T16:00:00+00:00,2018-06-27,https://www.eco-visio.net/Photos/100044506/15302610479460.jpg,"48.86155,2.37407",,,,,,,,,,,,,,,201900011322,1.0,1,,0.0,2.0,1.0,1.0,B01,138 285 462,5.0,2019,12,18,16:25,1,2,2,1.0,1.0,75111,BOULEVARD VOLTAIRE,,"48,8597420","2,3768770",75,4,0.0,,2.0,4.0,0,0,1.0,1.0,1.0,,,1.0,0.0,5.0,,50.0
100044493-SC,boulevardvoltaire,100044493.0,67 boulevard Voltaire SE-NO,275.0,2019-12-18T16:00:00+00:00,2018-06-27,https://www.eco-visio.net/Photos/100044493/15302602919700.jpg,"48.86149,2.37376",,,,,,,,,,,,,,,201900011322,2.0,1,,0.0,2.0,3.0,13.0,A01,138 285 461,5.0,2019,12,18,16:25,1,2,2,1.0,1.0,75111,BOULEVARD VOLTAIRE,,"48,8597420","2,3768770",75,4,0.0,,2.0,4.0,0,0,1.0,1.0,1.0,,,1.0,0.0,5.0,,50.0
100044493-SC,boulevardvoltaire,100044493.0,67 boulevard Voltaire SE-NO,275.0,2019-12-18T16:00:00+00:00,2018-06-27,https://www.eco-visio.net/Photos/100044493/15302602919700.jpg,"48.86149,2.37376",,,,,,,,,,,,,,,201900011322,1.0,1,,0.0,2.0,1.0,1.0,B01,138 285 462,5.0,2019,12,18,16:25,1,2,2,1.0,1.0,75111,BOULEVARD VOLTAIRE,,"48,8597420","2,3768770",75,4,0.0,,2.0,4.0,0,0,1.0,1.0,1.0,,,1.0,0.0,5.0,,50.0
100044494-SC,avenuedelagrandearmee,100044494.0,10  avenue de la Grande Armée SE-NO,0.0,2019-04-15T11:00:00+00:00,2018-07-27,https://www.eco-visio.net/Photos/100044494/15765753078770.jpg,"48.874716,2.292439",,,,,,,,,,,,,,,201900024820,1.0,1,,0.0,2.0,1.0,1.0,B01,138 259 633,5.0,2019,4,15,11:15,1,2,3,1.0,3.0,75117,AVENUE DE LA GRANDE ARMEE,,"48,8757150","2,2889390",75,4,0.0,,2.0,8.0,0,0,1.0,2.0,1.0,,,1.0,0.0,5.0,,50.0
100044495-SC,avenuedelagrandearmee,100044495.0,7 Avenue de la Grande Armée NO-SE,46.0,2019-04-15T11:00:00+00:00,2018-07-27,https://www.eco-visio.net/Photos/100044495/15302615766480.jpg,"48.87451,2.29215",,,,,,,,,,,,,,,201900024820,1.0,1,,0.0,2.0,1.0,1.0,B01,138 259 633,5.0,2019,4,15,11:15,1,2,3,1.0,3.0,75117,AVENUE DE LA GRANDE ARMEE,,"48,8757150","2,2889390",75,4,0.0,,2.0,8.0,0,0,1.0,2.0,1.0,,,1.0,0.0,5.0,,50.0
100050132-SC,boulevardsaintgermain,100050132.0,243 Boulevard Saint Germain NO-SE,50.0,2019-03-23T17:00:00+00:00,2018-12-13,https://www.eco-visio.net/Photos/100050132/15765763964200.jpg,"48.86179,2.32014",,,,,,,,,,,,,,,201900008036,2.0,1,,0.0,2.0,7.0,7.0,B01,138 291 433,5.0,2019,3,23,17:55,2,2,1,1.0,3.0,75106,BOULEVARD SAINT GERMAIN,,"48,8519100","2,3410500",75,4,0.0,,1.0,3.0,0,0,3.0,1.0,1.0,,,1.0,0.0,6.0,,50.0
100047533-SC,boulevarddemagenta,100047533.0,89 boulevard de Magenta NO-SE,150.0,2019-03-18T17:00:00+00:00,2018-11-28,https://www.eco-visio.net/Photos/100047533/15434006878980.jpg,"48.877686,2.3544712",,,,,,,,,,,,,,,201900014992,2.0,1,,0.0,2.0,3.0,1.0,B01,138 278 434,5.0,2019,3,18,17:50,1,2,7,1.0,3.0,75110,BOULEVARD DE MAGENTA,,"48,8685170","2,3630150",75,4,0.0,,2.0,4.0,0,0,0.0,1.0,1.0,,,1.0,0.0,1.0,,50.0
100050132-SC,boulevardsaintgermain,100050132.0,243 Boulevard Saint Germain NO-SE,85.0,2019-03-27T09:00:00+00:00,2018-12-13,https://www.eco-visio.net/Photos/100050132/15765763964200.jpg,"48.86179,2.32014",,,,,,,,,,,,,,,201900056003,2.0,1,,0.0,2.0,4.0,7.0,B01,138 200 792,5.0,2019,3,27,09:15,1,2,2,1.0,3.0,75106,BOULEVARD SAINT GERMAIN,,"48,8529170","2,3369820",75,4,0.0,,1.0,3.0,0,0,3.0,1.0,1.0,,,1.0,0.0,6.0,,50.0
100050132-SC,boulevardsaintgermain,100050132.0,243 Boulevard Saint Germain NO-SE,12.0,2019-10-03T00:00:00+00:00,2018-12-13,https://www.eco-visio.net/Photos/100050132/15765763964200.jpg,"48.86179,2.32014",,,,,,,,,,,,,,,201900035321,2.0,1,,0.0,2.0,2.0,25.0,B01,138 239 727,5.0,2019,10,3,00:01,5,2,1,1.0,3.0,75107,BOULEVARD SAINT GERMAIN,,"48,8575470","2,3240402",75,4,0.0,,1.0,4.0,0,0,3.0,1.0,1.0,,,1.0,-1.0,6.0,,50.0
100050132-SC,boulevardsaintgermain,100050132.0,243 Boulevard Saint Germain NO-SE,217.0,2019-12-18T17:00:00+00:00,2018-12-13,https://www.eco-visio.net/Photos/100050132/15765763964200.jpg,"48.86179,2.32014",,,,,,,,,,,,,,,201900011336,1.0,1,,0.0,2.0,1.0,12.0,A01,138 285 437,5.0,2019,12,18,17:10,5,2,2,1.0,3.0,75107,BOULEVARD SAINT GERMAIN,,"48,8599960","2,3216880",75,4,0.0,,1.0,3.0,0,0,-1.0,1.0,1.0,,,1.0,0.0,1.0,,50.0
100047550-SC,boulevarddemenilmontant,100047550.0,35 Boulevard de Menilmontant NO-SE,129.0,2019-12-26T15:00:00+00:00,2018-11-30,https://www.eco-visio.net/Photos/100047550/15440278883470.jpg,"48.860528,2.388364",,,,,,,,,,,,,,,201900020453,1.0,1,,0.0,2.0,7.0,17.0,B01,138 268 153,5.0,2019,12,26,15:35,1,2,1,1.0,3.0,75120,BOULEVARD DE MENILMONTANT,,"48,8618569","2,3880330",75,4,0.0,,2.0,2.0,55,0,1.0,1.0,1.0,,,1.0,0.0,5.0,,50.0
100047550-SC,boulevarddemenilmontant,100047550.0,35 Boulevard de Menilmontant NO-SE,129.0,2019-12-26T15:00:00+00:00,2018-11-30,https://www.eco-visio.net/Photos/100047550/15440278883470.jpg,"48.860528,2.388364",,,,,,,,,,,,,,,201900020453,1.0,1,,0.0,2.0,8.0,14.0,A01,138 268 154,5.0,2019,12,26,15:35,1,2,1,1.0,3.0,75120,BOULEVARD DE MENILMONTANT,,"48,8618569","2,3880330",75,4,0.0,,2.0,2.0,55,0,1.0,1.0,1.0,,,1.0,0.0,5.0,,50.0
100047537-SC,boulevarddemenilmontant,100047537.0,26 Boulevard de Ménilmontant SE-NO,135.0,2019-12-26T15:00:00+00:00,2018-11-30,https://www.eco-visio.net/Photos/100047537/15765764447200.jpg,"48.860622,2.388724",,,,,,,,,,,,,,,201900020453,1.0,1,,0.0,2.0,7.0,17.0,B01,138 268 153,5.0,2019,12,26,15:35,1,2,1,1.0,3.0,75120,BOULEVARD DE MENILMONTANT,,"48,8618569","2,3880330",75,4,0.0,,2.0,2.0,55,0,1.0,1.0,1.0,,,1.0,0.0,5.0,,50.0
100047537-SC,boulevarddemenilmontant,100047537.0,26 Boulevard de Ménilmontant SE-NO,135.0,2019-12-26T15:00:00+00:00,2018-11-30,https://www.eco-visio.net/Photos/100047537/15765764447200.jpg,"48.860622,2.388724",,,,,,,,,,,,,,,201900020453,1.0,1,,0.0,2.0,8.0,14.0,A01,138 268 154,5.0,2019,12,26,15:35,1,2,1,1.0,3.0,75120,BOULEVARD DE MENILMONTANT,,"48,8618569","2,3880330",75,4,0.0,,2.0,2.0,55,0,1.0,1.0,1.0,,,1.0,0.0,5.0,,50.0
100044493-SC,boulevardvoltaire,100044493.0,67 boulevard Voltaire SE-NO,134.0,2019-05-26T15:00:00+00:00,2018-06-27,https://www.eco-visio.net/Photos/100044493/15302602919700.jpg,"48.86149,2.37376",,,,,,,,,,,,,,,201900040066,1.0,1,,0.0,2.0,1.0,17.0,A01,138 230 776,5.0,2019,5,26,15:35,1,2,2,1.0,3.0,75111,BOULEVARD VOLTAIRE,,"48,8546980","2,3853150",75,4,0.0,,2.0,4.0,0,0,1.0,1.0,1.0,,,1.0,0.0,5.0,,50.0
100044506-SC,boulevardvoltaire,100044506.0,72 boulevard Voltaire NO-SE,98.0,2019-05-26T15:00:00+00:00,2018-06-27,https://www.eco-visio.net/Photos/100044506/15302610479460.jpg,"48.86155,2.37407",,,,,,,,,,,,,,,201900040066,1.0,1,,0.0,2.0,1.0,17.0,A01,138 230 776,5.0,2019,5,26,15:35,1,2,2,1.0,3.0,75111,BOULEVARD VOLTAIRE,,"48,8546980","2,3853150",75,4,0.0,,2.0,4.0,0,0,1.0,1.0,1.0,,,1.0,0.0,5.0,,50.0
100042374-109042374,voiegeorgespompidou,100042374.0,Voie Georges Pompidou,120.0,2019-03-20T09:00:00+00:00,2017-12-15,https://www.eco-visio.net/Photos/100042374/15172173000772.jpg,"48.848399,2.275932",,,,,,,,,,,,,,,201900008112,1.0,1,,0.0,2.0,1.0,1.0,A01,138 291 308,5.0,2019,3,20,09:10,1,2,4,1.0,1.0,75104,VOIE GEORGES POMPIDOU,,"48,8535610","2,3565050",75,4,0.0,,2.0,1.0,0,0,3.0,1.0,1.0,,,1.0,0.0,5.0,,50.0
100042374-109042374,voiegeorgespompidou,100042374.0,Voie Georges Pompidou,120.0,2019-03-20T09:00:00+00:00,2017-12-15,https://www.eco-visio.net/Photos/100042374/15172173000772.jpg,"48.848399,2.275932",,,,,,,,,,,,,,,201900008112,2.0,1,,0.0,2.0,0.0,9.0,B01,138 291 309,5.0,2019,3,20,09:10,1,2,4,1.0,1.0,75104,VOIE GEORGES POMPIDOU,,"48,8535610","2,3565050",75,4,0.0,,2.0,1.0,0,0,3.0,1.0,1.0,,,1.0,0.0,5.0,,50.0
100042374-110042374,voiegeorgespompidou,100042374.0,Voie Georges Pompidou,87.0,2019-03-20T09:00:00+00:00,2017-12-15,https://www.eco-visio.net/Photos/100042374/15172173000772.jpg,"48.848399,2.275932",,,,,,,,,,,,,,,201900008112,1.0,1,,0.0,2.0,1.0,1.0,A01,138 291 308,5.0,2019,3,20,09:10,1,2,4,1.0,1.0,75104,VOIE GEORGES POMPIDOU,,"48,8535610","2,3565050",75,4,0.0,,2.0,1.0,0,0,3.0,1.0,1.0,,,1.0,0.0,5.0,,50.0
100042374-110042374,voiegeorgespompidou,100042374.0,Voie Georges Pompidou,87.0,2019-03-20T09:00:00+00:00,2017-12-15,https://www.eco-visio.net/Photos/100042374/15172173000772.jpg,"48.848399,2.275932",,,,,,,,,,,,,,,201900008112,2.0,1,,0.0,2.0,0.0,9.0,B01,138 291 309,5.0,2019,3,20,09:10,1,2,4,1.0,1.0,75104,VOIE GEORGES POMPIDOU,,"48,8535610","2,3565050",75,4,0.0,,2.0,1.0,0,0,3.0,1.0,1.0,,,1.0,0.0,5.0,,50.0
100006300-SC,avenuedaumesnil,100006300.0,135 Avenue Daumesnil SE-NO,146.0,2019-10-25T08:00:00+00:00,2013-01-19,https://www.eco-visio.net/Photos/100006300/15765762690330.jpg,"48.843435,2.383378",,,,,,,,,,,,,,,201900057278,2.0,1,,0.0,2.0,8.0,1.0,B01,138 198 479,5.0,2019,10,25,08:25,1,2,3,1.0,3.0,75112,AVENUE DAUMESNIL,,"48,8424660","2,3855190",75,4,0.0,,2.0,3.0,0,0,1.0,1.0,1.0,,,1.0,0.0,5.0,,50.0
100044506-SC,boulevardvoltaire,100044506.0,72 boulevard Voltaire NO-SE,360.0,2019-10-22T18:00:00+00:00,2018-06-27,https://www.eco-visio.net/Photos/100044506/15302610479460.jpg,"48.86155,2.37407",,,,,,,,,,,,,,,201900003150,1.0,1,,0.0,2.0,0.0,14.0,Z01,138 300 585,5.0,2019,10,22,18:20,2,2,1,1.0,6.0,75111,BOULEVARD VOLTAIRE,,"48,8569071","2,3816180",75,4,0.0,,1.0,2.0,0,0,1.0,1.0,1.0,,,1.0,0.0,5.0,,50.0
100044493-SC,boulevardvoltaire,100044493.0,67 boulevard Voltaire SE-NO,250.0,2019-10-22T18:00:00+00:00,2018-06-27,https://www.eco-visio.net/Photos/100044493/15302602919700.jpg,"48.86149,2.37376",,,,,,,,,,,,,,,201900003150,1.0,1,,0.0,2.0,0.0,14.0,Z01,138 300 585,5.0,2019,10,22,18:20,2,2,1,1.0,6.0,75111,BOULEVARD VOLTAIRE,,"48,8569071","2,3816180",75,4,0.0,,1.0,2.0,0,0,1.0,1.0,1.0,,,1.0,0.0,5.0,,50.0
100047539-SC,boulevardaugusteblanqui,100047539.0,21 Boulevard Auguste Blanqui SO-NE,28.0,2019-11-21T10:00:00+00:00,2018-12-05,https://www.eco-visio.net/Photos/100047539/15765761696560.jpg,"48.830449,2.353199",,,,,,,,,,,,,,,201900012894,1.0,1,,0.0,2.0,8.0,16.0,A01,138 282 456,5.0,2019,11,21,10:23,1,2,2,1.0,3.0,75113,BOULEVARD AUGUSTE BLANQUI,,"48,8311050","2,3442410",75,4,0.0,,2.0,4.0,0,0,1.0,1.0,1.0,,,1.0,0.0,1.0,,50.0
100056032-SC,avenuedeflandre,100056032.0,87 Avenue de Flandre NE-SO,29.0,2019-12-29T06:00:00+00:00,2019-11-05,https://www.eco-visio.net/Photos/100056032/15729449148520.jpg,"48.88926,2.37472",,,,,,,,,,,,,,,201900016625,1.0,1,,0.0,2.0,3.0,1.0,A01,138 275 361,5.0,2019,12,29,06:20,5,2,2,1.0,6.0,75119,AVENUE DE FLANDRE,,"48,8843830","2,3691950",75,4,0.0,,3.0,2.0,0,0,1.0,1.0,2.0,,,1.0,0.0,5.0,,50.0
100047533-SC,boulevarddemagenta,100047533.0,89 boulevard de Magenta NO-SE,63.0,2019-12-28T00:00:00+00:00,2018-11-28,https://www.eco-visio.net/Photos/100047533/15434006878980.jpg,"48.877686,2.3544712",,,,,,,,,,,,,,,201900016740,2.0,1,,0.0,2.0,1.0,7.0,B01,138 275 158,5.0,2019,12,28,00:01,5,2,1,1.0,3.0,75110,BOULEVARD DE MAGENTA,,"48,8728590","2,3591280",75,4,0.0,,2.0,4.0,45,0,3.0,1.0,1.0,,,1.0,0.0,6.0,,50.0
100036719-104036719,quaidelhoteldeville,100036719.0,18 quai de l'hotel de ville,72.0,2019-12-10T08:00:00+00:00,2017-07-12,https://www.eco-visio.net/Photos/100036719/14997911938171.jpg,"48.85372,2.35702",,,,,,,,,,,,,,,201900043540,1.0,1,,0.0,2.0,6.0,15.0,B01,138 224 303,5.0,2019,12,10,08:50,1,2,1,1.0,3.0,75104,QUAI DE L HOTEL DE VILLE,,"48,8536450","2,3569073",75,4,0.0,,2.0,4.0,18,0,0.0,1.0,1.0,,,1.0,0.0,1.0,,50.0
100036719-103036719,quaidelhoteldeville,100036719.0,18 quai de l'hotel de ville,265.0,2019-12-10T08:00:00+00:00,2017-07-12,https://www.eco-visio.net/Photos/100036719/14997911938171.jpg,"48.85372,2.35702",,,,,,,,,,,,,,,201900043540,1.0,1,,0.0,2.0,6.0,15.0,B01,138 224 303,5.0,2019,12,10,08:50,1,2,1,1.0,3.0,75104,QUAI DE L HOTEL DE VILLE,,"48,8536450","2,3569073",75,4,0.0,,2.0,4.0,18,0,0.0,1.0,1.0,,,1.0,0.0,1.0,,50.0
100006300-SC,avenuedaumesnil,100006300.0,135 Avenue Daumesnil SE-NO,117.0,2019-09-11T17:00:00+00:00,2013-01-19,https://www.eco-visio.net/Photos/100006300/15765762690330.jpg,"48.843435,2.383378",,,,,,,,,,,,,,,201900018991,2.0,1,,0.0,2.0,2.0,1.0,B01,138 270 952,5.0,2019,9,11,17:40,1,2,1,1.0,3.0,75112,AVENUE DAUMESNIL,,"48,8335532","2,4147756",75,4,0.0,,2.0,2.0,0,0,0.0,1.0,1.0,,,1.0,0.0,1.0,,50.0
100042374-109042374,voiegeorgespompidou,100042374.0,Voie Georges Pompidou,147.0,2019-12-19T11:00:00+00:00,2017-12-15,https://www.eco-visio.net/Photos/100042374/15172173000772.jpg,"48.848399,2.275932",,,,,,,,,,,,,,,201900029529,2.0,1,,0.0,0.0,7.0,16.0,A01,138 250 749,5.0,2019,12,19,11:30,1,2,4,8.0,7.0,75104,QUAI DES CELESTINS,,"48,8510270","2,3611270",75,4,0.0,,2.0,2.0,0,0,-1.0,2.0,1.0,,,3.0,6.0,6.0,,30.0
100042374-110042374,voiegeorgespompidou,100042374.0,Voie Georges Pompidou,66.0,2019-12-19T11:00:00+00:00,2017-12-15,https://www.eco-visio.net/Photos/100042374/15172173000772.jpg,"48.848399,2.275932",,,,,,,,,,,,,,,201900029529,2.0,1,,0.0,0.0,7.0,16.0,A01,138 250 749,5.0,2019,12,19,11:30,1,2,4,8.0,7.0,75104,QUAI DES CELESTINS,,"48,8510270","2,3611270",75,4,0.0,,2.0,2.0,0,0,-1.0,2.0,1.0,,,3.0,6.0,6.0,,30.0
100044506-SC,boulevardvoltaire,100044506.0,72 boulevard Voltaire NO-SE,183.0,2019-09-24T08:00:00+00:00,2018-06-27,https://www.eco-visio.net/Photos/100044506/15302610479460.jpg,"48.86155,2.37407",,,,,,,,,,,,,,,201900053383,2.0,1,,0.0,1.0,1.0,1.0,Z01,138 205 671,5.0,2019,9,24,08:40,1,2,1,2.0,6.0,75111,BOULEVARD VOLTAIRE,,"48,8645910","2,3687980",75,4,0.0,,2.0,4.0,33,0,1.0,1.0,1.0,,,2.0,0.0,5.0,,50.0
100044493-SC,boulevardvoltaire,100044493.0,67 boulevard Voltaire SE-NO,350.0,2019-09-24T08:00:00+00:00,2018-06-27,https://www.eco-visio.net/Photos/100044493/15302602919700.jpg,"48.86149,2.37376",,,,,,,,,,,,,,,201900053383,2.0,1,,0.0,1.0,1.0,1.0,Z01,138 205 671,5.0,2019,9,24,08:40,1,2,1,2.0,6.0,75111,BOULEVARD VOLTAIRE,,"48,8645910","2,3687980",75,4,0.0,,2.0,4.0,33,0,1.0,1.0,1.0,,,2.0,0.0,5.0,,50.0
100047533-SC,boulevarddemagenta,100047533.0,89 boulevard de Magenta NO-SE,321.0,2019-12-06T10:00:00+00:00,2018-11-28,https://www.eco-visio.net/Photos/100047533/15434006878980.jpg,"48.877686,2.3544712",,,,,,,,,,,,,,,201900049283,2.0,1,,1.0,0.0,3.0,13.0,A01,138 213 443,5.0,2019,12,6,10:10,1,2,4,2.0,6.0,75110,BOULEVARD DE MAGENTA,,"48,8765210","2,3558590",75,4,2.0,,2.0,4.0,85,0,1.0,2.0,1.0,,,2.0,0.0,5.0,,20.0
100050132-SC,boulevardsaintgermain,100050132.0,243 Boulevard Saint Germain NO-SE,57.0,2019-07-05T10:00:00+00:00,2018-12-13,https://www.eco-visio.net/Photos/100050132/15765763964200.jpg,"48.86179,2.32014",,,,,,,,,,,,,,,201900010835,2.0,1,,0.0,1.0,1.0,7.0,A01,138 286 345,5.0,2019,7,5,10:55,1,2,7,1.0,6.0,75106,BOULEVARD SAINT GERMAIN,,"48,8524780","2,3387390",75,4,0.0,,1.0,3.0,0,0,3.0,1.0,1.0,,,1.0,0.0,6.0,,50.0
100050132-SC,boulevardsaintgermain,100050132.0,243 Boulevard Saint Germain NO-SE,206.0,2019-09-17T19:00:00+00:00,2018-12-13,https://www.eco-visio.net/Photos/100050132/15765763964200.jpg,"48.86179,2.32014",,,,,,,,,,,,,,,201900006021,2.0,1,,0.0,2.0,0.0,13.0,B01,138 295 218,5.0,2019,9,17,19:00,1,2,1,1.0,3.0,75106,BOULEVARD SAINT GERMAIN,,"48,8520937","2,3393228",75,4,0.0,,1.0,4.0,0,0,3.0,1.0,1.0,,,1.0,0.0,6.0,,50.0
100047533-SC,boulevarddemagenta,100047533.0,89 boulevard de Magenta NO-SE,163.0,2019-02-23T19:00:00+00:00,2018-11-28,https://www.eco-visio.net/Photos/100047533/15434006878980.jpg,"48.877686,2.3544712",,,,,,,,,,,,,,,201900047739,2.0,1,,0.0,1.0,0.0,1.0,A01,138 216 276,5.0,2019,2,23,19:05,5,2,3,1.0,6.0,75110,BOULEVARD DE MAGENTA,,"48,8757790","2,3565200",75,4,0.0,,2.0,4.0,0,0,1.0,1.0,1.0,,,1.0,6.0,1.0,,50.0
100050132-SC,boulevardsaintgermain,100050132.0,243 Boulevard Saint Germain NO-SE,35.0,2019-11-04T10:00:00+00:00,2018-12-13,https://www.eco-visio.net/Photos/100050132/15765763964200.jpg,"48.86179,2.32014",,,,,,,,,,,,,,,201900046168,1.0,1,,0.0,0.0,7.0,21.0,A01,138 219 236,5.0,2019,11,4,10:00,1,2,2,1.0,7.0,75106,BOULEVARD SAINT GERMAIN,,"48,8527125","2,3377536",75,4,0.0,,1.0,4.0,0,0,3.0,1.0,1.0,,,1.0,0.0,6.0,,50.0
100044493-SC,boulevardvoltaire,100044493.0,67 boulevard Voltaire SE-NO,198.0,2019-06-24T19:00:00+00:00,2018-06-27,https://www.eco-visio.net/Photos/100044493/15302602919700.jpg,"48.86149,2.37376",,,,,,,,,,,,,,,201900033441,1.0,1,,0.0,1.0,1.0,1.0,A01,138 243 357,5.0,2019,6,24,19:30,1,2,1,1.0,6.0,75111,BOULEVARD VOLTAIRE,,"48,8642280","2,3693370",75,4,0.0,,2.0,4.0,0,0,1.0,1.0,1.0,,,1.0,0.0,5.0,,30.0
100044506-SC,boulevardvoltaire,100044506.0,72 boulevard Voltaire NO-SE,401.0,2019-06-24T19:00:00+00:00,2018-06-27,https://www.eco-visio.net/Photos/100044506/15302610479460.jpg,"48.86155,2.37407",,,,,,,,,,,,,,,201900033441,1.0,1,,0.0,1.0,1.0,1.0,A01,138 243 357,5.0,2019,6,24,19:30,1,2,1,1.0,6.0,75111,BOULEVARD VOLTAIRE,,"48,8642280","2,3693370",75,4,0.0,,2.0,4.0,0,0,1.0,1.0,1.0,,,1.0,0.0,5.0,,30.0
100047547-103047547,ruejuliabartet,100047547.0,6 rue Julia Bartet,33.0,2019-05-27T16:00:00+00:00,2018-11-28,https://www.eco-visio.net/Photos/100047547/15433319774680.jpg,"48.82648,2.303149",,,,,,,,,,,,,,,201900038335,1.0,1,,0.0,2.0,1.0,1.0,A01,138 234 017,5.0,2019,5,27,16:25,1,2,2,1.0,3.0,75114,RUE JULIA BARTET,,"48,8254570","2,3023100",75,4,0.0,,2.0,4.0,0,0,1.0,1.0,1.0,,,1.0,0.0,5.0,,50.0
100047547-104047547,ruejuliabartet,100047547.0,6 rue Julia Bartet,67.0,2019-05-27T16:00:00+00:00,2018-11-28,https://www.eco-visio.net/Photos/100047547/15433319774680.jpg,"48.82648,2.303149",,,,,,,,,,,,,,,201900038335,1.0,1,,0.0,2.0,1.0,1.0,A01,138 234 017,5.0,2019,5,27,16:25,1,2,2,1.0,3.0,75114,RUE JULIA BARTET,,"48,8254570","2,3023100",75,4,0.0,,2.0,4.0,0,0,1.0,1.0,1.0,,,1.0,0.0,5.0,,50.0
100042374-110042374,voiegeorgespompidou,100042374.0,Voie Georges Pompidou,6.0,2019-07-05T02:00:00+00:00,2017-12-15,https://www.eco-visio.net/Photos/100042374/15172173000772.jpg,"48.848399,2.275932",,,,,,,,,,,,,,,201900010857,1.0,1,,0.0,2.0,1.0,1.0,B01,138 286 305,5.0,2019,7,5,02:00,4,2,1,1.0,1.0,75116,VOIE GEORGES POMPIDOU,,"48,8514770","2,2798320",75,4,0.0,,2.0,2.0,0,0,1.0,1.0,1.0,,,1.0,0.0,5.0,,20.0
100042374-109042374,voiegeorgespompidou,100042374.0,Voie Georges Pompidou,3.0,2019-07-05T02:00:00+00:00,2017-12-15,https://www.eco-visio.net/Photos/100042374/15172173000772.jpg,"48.848399,2.275932",,,,,,,,,,,,,,,201900010857,1.0,1,,0.0,2.0,1.0,1.0,B01,138 286 305,5.0,2019,7,5,02:00,4,2,1,1.0,1.0,75116,VOIE GEORGES POMPIDOU,,"48,8514770","2,2798320",75,4,0.0,,2.0,2.0,0,0,1.0,1.0,1.0,,,1.0,0.0,5.0,,20.0
100047533-SC,boulevarddemagenta,100047533.0,89 boulevard de Magenta NO-SE,232.0,2019-04-30T08:00:00+00:00,2018-11-28,https://www.eco-visio.net/Photos/100047533/15434006878980.jpg,"48.877686,2.3544712",,,,,,,,,,,,,,,201900040097,2.0,1,,1.0,0.0,8.0,17.0,A01,138 230 724,5.0,2019,4,30,08:35,1,2,1,1.0,6.0,75110,BOULEVARD DE MAGENTA,,"48,8781170","2,3544220",75,4,0.0,,2.0,6.0,0,0,3.0,2.0,1.0,,,1.0,0.0,5.0,,50.0
100047533-SC,boulevarddemagenta,100047533.0,89 boulevard de Magenta NO-SE,139.0,2019-07-06T14:00:00+00:00,2018-11-28,https://www.eco-visio.net/Photos/100047533/15434006878980.jpg,"48.877686,2.3544712",,,,,,,,,,,,,,,201900010874,1.0,1,,0.0,2.0,8.0,19.0,B01,138 286 273,5.0,2019,7,6,14:50,1,2,5,1.0,3.0,75110,BOULEVARD DE MAGENTA,,"48,8785250","2,3540400",75,4,0.0,,2.0,4.0,1,0,1.0,1.0,1.0,,,1.0,0.0,5.0,,50.0
100006300-SC,avenuedaumesnil,100006300.0,135 Avenue Daumesnil SE-NO,70.0,2019-01-16T13:00:00+00:00,2013-01-19,https://www.eco-visio.net/Photos/100006300/15765762690330.jpg,"48.843435,2.383378",,,,,,,,,,,,,,,201900015442,1.0,1,,0.0,2.0,1.0,1.0,B01,138 277 611,5.0,2019,1,16,13:20,1,2,1,1.0,3.0,75112,AVENUE DAUMESNIL,,"48,8425960","2,3850760",75,4,0.0,,2.0,2.0,0,0,1.0,1.0,1.0,,,1.0,9.0,1.0,,50.0
100006300-SC,avenuedaumesnil,100006300.0,135 Avenue Daumesnil SE-NO,49.0,2019-04-04T15:00:00+00:00,2013-01-19,https://www.eco-visio.net/Photos/100006300/15765762690330.jpg,"48.843435,2.383378",,,,,,,,,,,,,,,201900041335,2.0,1,,0.0,1.0,0.0,25.0,Z01,138 228 470,5.0,2019,4,4,15:20,1,2,2,1.0,6.0,75112,AVENUE DAUMESNIL,,"48,8371840","2,4021230",75,4,0.0,,2.0,0.0,0,0,0.0,2.0,1.0,,,1.0,0.0,4.0,,50.0
100047539-SC,boulevardaugusteblanqui,100047539.0,21 Boulevard Auguste Blanqui SO-NE,29.0,2019-07-10T07:00:00+00:00,2018-12-05,https://www.eco-visio.net/Photos/100047539/15765761696560.jpg,"48.830449,2.353199",,,,,,,,,,,,,,,201900057151,1.0,1,,0.0,2.0,0.0,1.0,B01,138 198 698,5.0,2019,7,10,07:30,1,2,2,1.0,3.0,75113,BOULEVARD AUGUSTE BLANQUI,,"48,8306490","2,3526430",75,4,0.0,,1.0,2.0,0,0,1.0,2.0,1.0,,,1.0,0.0,5.0,,50.0
100056032-SC,avenuedeflandre,100056032.0,87 Avenue de Flandre NE-SO,50.0,2019-12-07T23:00:00+00:00,2019-11-05,https://www.eco-visio.net/Photos/100056032/15729449148520.jpg,"48.88926,2.37472",,,,,,,,,,,,,,,201900045488,1.0,1,,0.0,2.0,8.0,1.0,B01,138 220 554,5.0,2019,12,7,23:55,5,2,2,1.0,3.0,75119,AVENUE DE FLANDRE,,"48,8906240","2,3768500",75,4,0.0,,1.0,2.0,92,0,3.0,1.0,1.0,,,1.0,0.0,6.0,,50.0
100047533-SC,boulevarddemagenta,100047533.0,89 boulevard de Magenta NO-SE,181.0,2019-05-27T20:00:00+00:00,2018-11-28,https://www.eco-visio.net/Photos/100047533/15434006878980.jpg,"48.877686,2.3544712",,,,,,,,,,,,,,,201900040086,2.0,1,,0.0,2.0,1.0,1.0,B01,138 230 745,5.0,2019,5,27,20:30,1,2,3,1.0,3.0,75110,BOULEVARD DE MAGENTA,,"48,8760390","2,3562880",75,4,0.0,,2.0,4.0,0,0,1.0,1.0,1.0,,,1.0,0.0,5.0,,50.0
100047533-SC,boulevarddemagenta,100047533.0,89 boulevard de Magenta NO-SE,401.0,2019-10-14T09:00:00+00:00,2018-11-28,https://www.eco-visio.net/Photos/100047533/15434006878980.jpg,"48.877686,2.3544712",,,,,,,,,,,,,,,201900017322,2.0,1,,0.0,2.0,4.0,1.0,B01,138 274 016,5.0,2019,10,14,09:10,1,2,1,1.0,3.0,75110,BOULEVARD DE MAGENTA,,"48,8821744","2,3507755",75,4,0.0,,1.0,1.0,0,0,1.0,2.0,1.0,,,1.0,0.0,5.0,,20.0
100003096-353242251,avenuedenfertrochereau,100003096.0,97 avenue Denfert Rochereau,13.0,2020-07-24T07:00:00+00:00,2012-02-22,https://www.eco-visio.net/Photos/100003096/15765766519670.jpg,"48.83511,2.33338",,,,,,,,,,,,,,,202000047184,1.0,1,,0.0,2.0,3.0,1.0,Y01,154 659 340,5.0,2020,7,24,07:40,1,2,3,7.0,3.0,17300,Avenue Denfert Rochereau,,"46,1651880"," -1,1927400",17,4,0.0,,1.0,1.0,0,0,1.0,1.0,2.0,, -1,1.0,9.0,1.0,,50.0
100003098-SC,avenuedenfertrochereau,100003098.0,106 avenue Denfert Rochereau NE-SO,30.0,2020-07-24T07:00:00+00:00,2012-02-22,https://www.eco-visio.net/Photos/100003098/13305145395420.jpg,"48.83521,2.33307",,,,,,,,,,,,,,,202000047184,1.0,1,,0.0,2.0,3.0,1.0,Y01,154 659 340,5.0,2020,7,24,07:40,1,2,3,7.0,3.0,17300,Avenue Denfert Rochereau,,"46,1651880"," -1,1927400",17,4,0.0,,1.0,1.0,0,0,1.0,1.0,2.0,, -1,1.0,9.0,1.0,,50.0
,ruelafayette,,,,2021-12-28T19:00:00+00:00,,,,100003097-101003097,105 rue La Fayette E-O,100003097.0,56.0,2012-02-13,https://filer.eco-counter-tools.com/file/0f/52c5654ce2fbc1fd743f60baa599fb356eb4c5c14d0ac2d60014b2b263aa880f/Y2H21100756_20211019134520.jpg,"48.87773,2.3506",Y2H21100756,https://filer.eco-counter-tools.com/file/0f/52c5654ce2fbc1fd743f60baa599fb356eb4c5c14d0ac2d60014b2b263aa880f/Y2H21100756_20211019134520.jpg/https://filer.eco-counter-tools.com/file/fb/bdbed9c19a1427089cd951893f252c5eb961b92f6d7321e83d1347a089b687fb/Q15G5037467_20210824141241.jpg/https://filer.eco-counter-tools.com/file/68/9650354d09a0fcff58ef31b2d8279e7c335dc014659c68a392523406e62d6f68/Q15G5037467_20210811135912.jpg/https://filer.eco-counter-tools.com/file/23/32e30d253ae92b0a13d6cc30962f6ea259759be8a8e6d00568418ae4a8814d23/15765755175990.jpg,https://filer.eco-counter-tools.com/file/0f/52c5654ce2fbc1fd743f60baa599fb356eb4c5c14d0ac2d60014b2b263aa880f/Y2H21100756_20211019134520.jpg,https:,https://www.eco-visio.net/Photos/100003097,jpg,2021-12,202100001063,1.0,1,,0.0,2.0,7.0,1.0,B01,199 864,5.0,2021,12,28,19:52,5,2,2,1.0,3.0,75110,RUE LA FAYETTE,,"48,8813300000","2,3647220000",75,4,0.0,,2.0,2.0,(1),(1),0.0,1.0,1.0,, -1,2.0,0.0,1.0,,30.0
,ruelafayette,,,,2021-12-28T19:00:00+00:00,,,,100003099-353242239,100 rue La Fayette O-E,100003099.0,0.0,2012-02-22,https://filer.eco-counter-tools.com/file/cb/e5f8d6dda3ff1225c5dafadfdb3178ea46c00856a1fddb53aa3009759aa8d7cb/13305145634060.jpg,"48.87813,2.3497",Y2H21100755,https://filer.eco-counter-tools.com/file/cb/e5f8d6dda3ff1225c5dafadfdb3178ea46c00856a1fddb53aa3009759aa8d7cb/13305145634060.jpg/https://filer.eco-counter-tools.com/file/4e/6cc81a308c3492c1ef051cae7b7f960f8bd564a7cb1de3eef5bcf0bc3c80e84e/Y2111121727_20210811134729.jpg/https://filer.eco-counter-tools.com/file/7f/460a3a17ae617f660ad74962e96c796361b2f78c773920f318b63366c7c84f7f/Y2H21100755_20211019140204.jpg,https://filer.eco-counter-tools.com/file/cb/e5f8d6dda3ff1225c5dafadfdb3178ea46c00856a1fddb53aa3009759aa8d7cb/13305145634060.jpg,https:,https://www.eco-visio.net/Photos/100003099,jpg,2021-12,202100001063,1.0,1,,0.0,2.0,7.0,1.0,B01,199 864,5.0,2021,12,28,19:52,5,2,2,1.0,3.0,75110,RUE LA FAYETTE,,"48,8813300000","2,3647220000",75,4,0.0,,2.0,2.0,(1),(1),0.0,1.0,1.0,, -1,2.0,0.0,1.0,,30.0
,avenuedaumesnil,,,,2021-12-04T15:00:00+00:00,,,,100006300-101006300,135 avenue Daumesnil SE-NO,100006300.0,99.0,2013-01-19,https://filer.eco-counter-tools.com/file/4c/44ca3caef446f2d0daf95d1d603651d16f794169bfb14df76d2afc8daac93b4c/X2H18086316_20211004180732.jpg,"48.843435,2.383378",X2H18086316,https://filer.eco-counter-tools.com/file/4c/44ca3caef446f2d0daf95d1d603651d16f794169bfb14df76d2afc8daac93b4c/X2H18086316_20211004180732.jpg/https://filer.eco-counter-tools.com/file/33/72900abae7cbd8648f613c39f98f2766804530fc2fd9004fcca1ac282a9b5c33/X2H18086316_20220803114717.jpg/https://filer.eco-counter-tools.com/file/97/3f31a803a3d2e6dc1b985b032528ea836d3e53685058af9f542c006a7de4a197/15765762690330.jpg/https://filer.eco-counter-tools.com/file/e1/6ef39ee97d7f723c14b8fe9ec91840266b3f3add70e0a817bafd66adc553c9e1/15809064565060.jpg,https://filer.eco-counter-tools.com/file/4c/44ca3caef446f2d0daf95d1d603651d16f794169bfb14df76d2afc8daac93b4c/X2H18086316_20211004180732.jpg,https:,https://www.eco-visio.net/Photos/100006300,jpg,2021-12,202100004815,1.0,1,,0.0,2.0,8.0,15.0,B01,193 176,0.0,2021,12,4,15:23,1,2,3,1.0,3.0,75112,AVENUE DAUMESNIL,,"48,8399510000","2,4321490000",75,4,0.0,,2.0,2.0,(1),(1),0.0,1.0,1.0,, -1,2.0,0.0,1.0,,30.0
,avenuedaumesnil,,,,2021-12-22T12:00:00+00:00,,,,100006300-101006300,135 avenue Daumesnil SE-NO,100006300.0,44.0,2013-01-19,https://filer.eco-counter-tools.com/file/4c/44ca3caef446f2d0daf95d1d603651d16f794169bfb14df76d2afc8daac93b4c/X2H18086316_20211004180732.jpg,"48.843435,2.383378",X2H18086316,https://filer.eco-counter-tools.com/file/4c/44ca3caef446f2d0daf95d1d603651d16f794169bfb14df76d2afc8daac93b4c/X2H18086316_20211004180732.jpg/https://filer.eco-counter-tools.com/file/33/72900abae7cbd8648f613c39f98f2766804530fc2fd9004fcca1ac282a9b5c33/X2H18086316_20220803114717.jpg/https://filer.eco-counter-tools.com/file/97/3f31a803a3d2e6dc1b985b032528ea836d3e53685058af9f542c006a7de4a197/15765762690330.jpg/https://filer.eco-counter-tools.com/file/e1/6ef39ee97d7f723c14b8fe9ec91840266b3f3add70e0a817bafd66adc553c9e1/15809064565060.jpg,https://filer.eco-counter-tools.com/file/4c/44ca3caef446f2d0daf95d1d603651d16f794169bfb14df76d2afc8daac93b4c/X2H18086316_20211004180732.jpg,https:,https://www.eco-visio.net/Photos/100006300,jpg,2021-12,202100001746,2.0,1,,0.0,2.0,2.0,1.0,B01,198 666,5.0,2021,12,22,12:20,1,2,2,1.0,3.0,75112,AVENUE DAUMESNIL,,"48,8442760000","2,3815810000",75,4,0.0,,2.0,4.0,(1),(1),1.0,1.0,1.0,, -1,1.0,-1.0,5.0,,30.0
,voiegeorgespompidou,,,,2021-12-06T08:00:00+00:00,,,,100042374-110042374,Voie Georges Pompidou NE-SO,100042374.0,98.0,2017-12-15,https://filer.eco-counter-tools.com/file/d3/e13e40d3b13aba5096e32a0db43cf614d3d6a285fbeb0f14f751dcc678caecd3/15172173000772.jpg,"48.84837,2.27596",Y2H21025335,https://filer.eco-counter-tools.com/file/d3/e13e40d3b13aba5096e32a0db43cf614d3d6a285fbeb0f14f751dcc678caecd3/15172173000772.jpg/https://filer.eco-counter-tools.com/file/68/1dce0451d633e7c432c030664bb1dc9db8403605258bb6cfbb9e76fb9e5d2668/15172173001793.jpg/https://filer.eco-counter-tools.com/file/85/6f1a65ada98e5b9c30af21c28ced81ae2d1a3a91d27f7a5ec23a04f8e64dd185/15374559754710.png?filename=15374574611960.png/https://filer.eco-counter-tools.com/file/3c/2a10997edb70e56a49b040c230d44ab3c560394a4b3fcedb73c8664ffaef963c/15765772112340.jpg/https://filer.eco-counter-tools.com/file/dc/ca258975923935a97c60c5ff55bcade8612078a737101f80ba28995f29f01cdc/Y2H21025335_20220802152245.jpg/https://filer.eco-counter-tools.com/file/81/3fa335611bc26cf7cf2ec3822d0618d1ec999581b67ea0e1befd6315ca0a1481/Y2H21025335_20210330155535.jpg/https://filer.eco-counter-tools.com/file/87/8c6aaf39f1e0063e0fc5aa5c3aa7c0df859d6fed1a89cf863360a16969242e87/Y2H21025335_20210330155549.jpg,https://filer.eco-counter-tools.com/file/d3/e13e40d3b13aba5096e32a0db43cf614d3d6a285fbeb0f14f751dcc678caecd3/15172173000772.jpg,https:,https://www.eco-visio.net/Photos/100042374,jpg,2021-12,202100004397,1.0,1,,0.0,2.0,7.0,17.0,A01,193 895,5.0,2021,12,6,08:40,1,2,1,1.0,3.0,75116,VOIE GEORGES POMPIDOU,,"48,8567710000","2,2871000000",75,4,0.0,,2.0,3.0,(1),(1),1.0,1.0,1.0,, -1,3.0,-1.0,5.0,,30.0
,voiegeorgespompidou,,,,2021-12-06T08:00:00+00:00,,,,100042374-110042374,Voie Georges Pompidou NE-SO,100042374.0,98.0,2017-12-15,https://filer.eco-counter-tools.com/file/d3/e13e40d3b13aba5096e32a0db43cf614d3d6a285fbeb0f14f751dcc678caecd3/15172173000772.jpg,"48.84837,2.27596",Y2H21025335,https://filer.eco-counter-tools.com/file/d3/e13e40d3b13aba5096e32a0db43cf614d3d6a285fbeb0f14f751dcc678caecd3/15172173000772.jpg/https://filer.eco-counter-tools.com/file/68/1dce0451d633e7c432c030664bb1dc9db8403605258bb6cfbb9e76fb9e5d2668/15172173001793.jpg/https://filer.eco-counter-tools.com/file/85/6f1a65ada98e5b9c30af21c28ced81ae2d1a3a91d27f7a5ec23a04f8e64dd185/15374559754710.png?filename=15374574611960.png/https://filer.eco-counter-tools.com/file/3c/2a10997edb70e56a49b040c230d44ab3c560394a4b3fcedb73c8664ffaef963c/15765772112340.jpg/https://filer.eco-counter-tools.com/file/dc/ca258975923935a97c60c5ff55bcade8612078a737101f80ba28995f29f01cdc/Y2H21025335_20220802152245.jpg/https://filer.eco-counter-tools.com/file/81/3fa335611bc26cf7cf2ec3822d0618d1ec999581b67ea0e1befd6315ca0a1481/Y2H21025335_20210330155535.jpg/https://filer.eco-counter-tools.com/file/87/8c6aaf39f1e0063e0fc5aa5c3aa7c0df859d6fed1a89cf863360a16969242e87/Y2H21025335_20210330155549.jpg,https://filer.eco-counter-tools.com/file/d3/e13e40d3b13aba5096e32a0db43cf614d3d6a285fbeb0f14f751dcc678caecd3/15172173000772.jpg,https:,https://www.eco-visio.net/Photos/100042374,jpg,2021-12,202100004397,1.0,1,,0.0,2.0,8.0,13.0,B01,193 896,5.0,2021,12,6,08:40,1,2,1,1.0,3.0,75116,VOIE GEORGES POMPIDOU,,"48,8567710000","2,2871000000",75,4,0.0,,2.0,3.0,(1),(1),1.0,1.0,1.0,, -1,3.0,-1.0,5.0,,30.0
,voiegeorgespompidou,,,,2021-12-06T08:00:00+00:00,,,,100042374-109042374,Voie Georges Pompidou SO-NE,100042374.0,241.0,2017-12-15,https://filer.eco-counter-tools.com/file/d3/e13e40d3b13aba5096e32a0db43cf614d3d6a285fbeb0f14f751dcc678caecd3/15172173000772.jpg,"48.84837,2.27596",Y2H21025335,https://filer.eco-counter-tools.com/file/d3/e13e40d3b13aba5096e32a0db43cf614d3d6a285fbeb0f14f751dcc678caecd3/15172173000772.jpg/https://filer.eco-counter-tools.com/file/68/1dce0451d633e7c432c030664bb1dc9db8403605258bb6cfbb9e76fb9e5d2668/15172173001793.jpg/https://filer.eco-counter-tools.com/file/85/6f1a65ada98e5b9c30af21c28ced81ae2d1a3a91d27f7a5ec23a04f8e64dd185/15374559754710.png?filename=15374574611960.png/https://filer.eco-counter-tools.com/file/3c/2a10997edb70e56a49b040c230d44ab3c560394a4b3fcedb73c8664ffaef963c/15765772112340.jpg/https://filer.eco-counter-tools.com/file/dc/ca258975923935a97c60c5ff55bcade8612078a737101f80ba28995f29f01cdc/Y2H21025335_20220802152245.jpg/https://filer.eco-counter-tools.com/file/81/3fa335611bc26cf7cf2ec3822d0618d1ec999581b67ea0e1befd6315ca0a1481/Y2H21025335_20210330155535.jpg/https://filer.eco-counter-tools.com/file/87/8c6aaf39f1e0063e0fc5aa5c3aa7c0df859d6fed1a89cf863360a16969242e87/Y2H21025335_20210330155549.jpg,https://filer.eco-counter-tools.com/file/d3/e13e40d3b13aba5096e32a0db43cf614d3d6a285fbeb0f14f751dcc678caecd3/15172173000772.jpg,https:,https://www.eco-visio.net/Photos/100042374,jpg,2021-12,202100004397,1.0,1,,0.0,2.0,7.0,17.0,A01,193 895,5.0,2021,12,6,08:40,1,2,1,1.0,3.0,75116,VOIE GEORGES POMPIDOU,,"48,8567710000","2,2871000000",75,4,0.0,,2.0,3.0,(1),(1),1.0,1.0,1.0,, -1,3.0,-1.0,5.0,,30.0
,voiegeorgespompidou,,,,2021-12-06T08:00:00+00:00,,,,100042374-109042374,Voie Georges Pompidou SO-NE,100042374.0,241.0,2017-12-15,https://filer.eco-counter-tools.com/file/d3/e13e40d3b13aba5096e32a0db43cf614d3d6a285fbeb0f14f751dcc678caecd3/15172173000772.jpg,"48.84837,2.27596",Y2H21025335,https://filer.eco-counter-tools.com/file/d3/e13e40d3b13aba5096e32a0db43cf614d3d6a285fbeb0f14f751dcc678caecd3/15172173000772.jpg/https://filer.eco-counter-tools.com/file/68/1dce0451d633e7c432c030664bb1dc9db8403605258bb6cfbb9e76fb9e5d2668/15172173001793.jpg/https://filer.eco-counter-tools.com/file/85/6f1a65ada98e5b9c30af21c28ced81ae2d1a3a91d27f7a5ec23a04f8e64dd185/15374559754710.png?filename=15374574611960.png/https://filer.eco-counter-tools.com/file/3c/2a10997edb70e56a49b040c230d44ab3c560394a4b3fcedb73c8664ffaef963c/15765772112340.jpg/https://filer.eco-counter-tools.com/file/dc/ca258975923935a97c60c5ff55bcade8612078a737101f80ba28995f29f01cdc/Y2H21025335_20220802152245.jpg/https://filer.eco-counter-tools.com/file/81/3fa335611bc26cf7cf2ec3822d0618d1ec999581b67ea0e1befd6315ca0a1481/Y2H21025335_20210330155535.jpg/https://filer.eco-counter-tools.com/file/87/8c6aaf39f1e0063e0fc5aa5c3aa7c0df859d6fed1a89cf863360a16969242e87/Y2H21025335_20210330155549.jpg,https://filer.eco-counter-tools.com/file/d3/e13e40d3b13aba5096e32a0db43cf614d3d6a285fbeb0f14f751dcc678caecd3/15172173000772.jpg,https:,https://www.eco-visio.net/Photos/100042374,jpg,2021-12,202100004397,1.0,1,,0.0,2.0,8.0,13.0,B01,193 896,5.0,2021,12,6,08:40,1,2,1,1.0,3.0,75116,VOIE GEORGES POMPIDOU,,"48,8567710000","2,2871000000",75,4,0.0,,2.0,3.0,(1),(1),1.0,1.0,1.0,, -1,3.0,-1.0,5.0,,30.0
,boulevardvoltaire,,,,2021-12-16T00:00:00+00:00,,,,100044493-101044493,67 boulevard Voltaire SE-NO,100044493.0,31.0,2018-06-27,https://filer.eco-counter-tools.com/file/c2/fab6a7934a6f5d472a1b4e7f6c68552eca77bc5ac6773eb9472e307729be76c2/15302602919700.jpg,"48.86149,2.37376",Y2H18034809,https://filer.eco-counter-tools.com/file/c2/fab6a7934a6f5d472a1b4e7f6c68552eca77bc5ac6773eb9472e307729be76c2/15302602919700.jpg/https://filer.eco-counter-tools.com/file/7d/ade19198856cd42d7e8ade9fdaa1f83dc9a9df77d26e62637f405c86012c3e7d/15978320854910.jpg/https://filer.eco-counter-tools.com/file/66/735aaf617596de01fcb9fa7abcbdd64ce1673184d31338359bce5ba4d25bc366/15718231423950.jpg/https://filer.eco-counter-tools.com/file/68/d5e7b51b0132bb5f130ad0366783dc2bb3df77f360556a769d0815cf109a4968/Y2H18034809_20200819121429.jpg/https://filer.eco-counter-tools.com/file/76/f5ac337e501a805dd5a6b639c96e1bb6f1291c62fcd24bfc806165d1e292c176/Y2H18034809_20210811114932.jpg/https://filer.eco-counter-tools.com/file/fa/57f590dd2aded726e99b9c6f52c0573180f1d4b8eb84f7c5bea9a11fabf280fa/Y2H18034809_20220802151938.jpg,https://filer.eco-counter-tools.com/file/c2/fab6a7934a6f5d472a1b4e7f6c68552eca77bc5ac6773eb9472e307729be76c2/15302602919700.jpg,https:,https://www.eco-visio.net/Photos/100044493,jpg,2021-12,202100002649,2.0,1,,0.0,2.0,8.0,1.0,B01,197 048,5.0,2021,12,16,00:10,5,2,1,1.0,3.0,75111,BOULEVARD VOLTAIRE,,"48,8513100000","2,3910150000",75,4,0.0,,2.0,4.0,(1),(1),1.0,1.0,1.0,, -1,1.0,-1.0,5.0,,30.0
,boulevardvoltaire,,,,2021-12-16T00:00:00+00:00,,,,100044506-101044506,72 boulevard Voltaire NO-SE,100044506.0,68.0,2018-06-27,https://filer.eco-counter-tools.com/file/0a/cf198280e637e8e48ba373cca2d92bb531a68659ae95a46d1cab6b85adb2fa0a/Y2H18034807_20200819122746.jpg,"48.86155,2.37407",Y2H18034807,https://filer.eco-counter-tools.com/file/0a/cf198280e637e8e48ba373cca2d92bb531a68659ae95a46d1cab6b85adb2fa0a/Y2H18034807_20200819122746.jpg/https://filer.eco-counter-tools.com/file/55/d7a29510e58acac4f699640a4feacebda0b35d860e63d30c15341e14c000fb55/Y2H18034807_20210811114401.jpg/https://filer.eco-counter-tools.com/file/ce/12724050a91a3a05947ba1716f7ea8811dca93ff2bd79755d6fed58b0165cace/Y2H18034807_20220802151555.jpg/https://filer.eco-counter-tools.com/file/a3/e7f277e6bb3aaf8444d3aa185f8ab4d4c9a2999e143dca0a6b4e1622174b3aa3/15302610479460.jpg/https://filer.eco-counter-tools.com/file/f2/56fe7f8433c9f7e39c7178eee94a36b6e823f827f0964ea25e7db219159250f2/15978328765360.jpg/https://filer.eco-counter-tools.com/file/d9/b166eaaa43bf648746f10c84628d23cc4c365e3c35f4727aceff4950073dfdd9/15718236417710.jpg,https://filer.eco-counter-tools.com/file/0a/cf198280e637e8e48ba373cca2d92bb531a68659ae95a46d1cab6b85adb2fa0a/Y2H18034807_20200819122746.jpg,https:,https://www.eco-visio.net/Photos/100044506,jpg,2021-12,202100002649,2.0,1,,0.0,2.0,8.0,1.0,B01,197 048,5.0,2021,12,16,00:10,5,2,1,1.0,3.0,75111,BOULEVARD VOLTAIRE,,"48,8513100000","2,3910150000",75,4,0.0,,2.0,4.0,(1),(1),1.0,1.0,1.0,, -1,1.0,-1.0,5.0,,30.0
,boulevardvoltaire,,,,2021-12-20T13:00:00+00:00,,,,100044493-101044493,67 boulevard Voltaire SE-NO,100044493.0,146.0,2018-06-27,https://filer.eco-counter-tools.com/file/c2/fab6a7934a6f5d472a1b4e7f6c68552eca77bc5ac6773eb9472e307729be76c2/15302602919700.jpg,"48.86149,2.37376",Y2H18034809,https://filer.eco-counter-tools.com/file/c2/fab6a7934a6f5d472a1b4e7f6c68552eca77bc5ac6773eb9472e307729be76c2/15302602919700.jpg/https://filer.eco-counter-tools.com/file/7d/ade19198856cd42d7e8ade9fdaa1f83dc9a9df77d26e62637f405c86012c3e7d/15978320854910.jpg/https://filer.eco-counter-tools.com/file/66/735aaf617596de01fcb9fa7abcbdd64ce1673184d31338359bce5ba4d25bc366/15718231423950.jpg/https://filer.eco-counter-tools.com/file/68/d5e7b51b0132bb5f130ad0366783dc2bb3df77f360556a769d0815cf109a4968/Y2H18034809_20200819121429.jpg/https://filer.eco-counter-tools.com/file/76/f5ac337e501a805dd5a6b639c96e1bb6f1291c62fcd24bfc806165d1e292c176/Y2H18034809_20210811114932.jpg/https://filer.eco-counter-tools.com/file/fa/57f590dd2aded726e99b9c6f52c0573180f1d4b8eb84f7c5bea9a11fabf280fa/Y2H18034809_20220802151938.jpg,https://filer.eco-counter-tools.com/file/c2/fab6a7934a6f5d472a1b4e7f6c68552eca77bc5ac6773eb9472e307729be76c2/15302602919700.jpg,https:,https://www.eco-visio.net/Photos/100044493,jpg,2021-12,202100002046,1.0,1,,0.0,2.0,1.0,1.0,A01,198 135,5.0,2021,12,20,13:45,1,2,4,1.0,3.0,75111,BOULEVARD VOLTAIRE,,"48,8623830000","2,3725280000",75,4,0.0,,4.0,4.0,(1),(1),1.0,1.0,2.0,, -1,1.0,-1.0,5.0,,30.0
,boulevardvoltaire,,,,2021-12-20T13:00:00+00:00,,,,100044506-101044506,72 boulevard Voltaire NO-SE,100044506.0,156.0,2018-06-27,https://filer.eco-counter-tools.com/file/0a/cf198280e637e8e48ba373cca2d92bb531a68659ae95a46d1cab6b85adb2fa0a/Y2H18034807_20200819122746.jpg,"48.86155,2.37407",Y2H18034807,https://filer.eco-counter-tools.com/file/0a/cf198280e637e8e48ba373cca2d92bb531a68659ae95a46d1cab6b85adb2fa0a/Y2H18034807_20200819122746.jpg/https://filer.eco-counter-tools.com/file/55/d7a29510e58acac4f699640a4feacebda0b35d860e63d30c15341e14c000fb55/Y2H18034807_20210811114401.jpg/https://filer.eco-counter-tools.com/file/ce/12724050a91a3a05947ba1716f7ea8811dca93ff2bd79755d6fed58b0165cace/Y2H18034807_20220802151555.jpg/https://filer.eco-counter-tools.com/file/a3/e7f277e6bb3aaf8444d3aa185f8ab4d4c9a2999e143dca0a6b4e1622174b3aa3/15302610479460.jpg/https://filer.eco-counter-tools.com/file/f2/56fe7f8433c9f7e39c7178eee94a36b6e823f827f0964ea25e7db219159250f2/15978328765360.jpg/https://filer.eco-counter-tools.com/file/d9/b166eaaa43bf648746f10c84628d23cc4c365e3c35f4727aceff4950073dfdd9/15718236417710.jpg,https://filer.eco-counter-tools.com/file/0a/cf198280e637e8e48ba373cca2d92bb531a68659ae95a46d1cab6b85adb2fa0a/Y2H18034807_20200819122746.jpg,https:,https://www.eco-visio.net/Photos/100044506,jpg,2021-12,202100002046,1.0,1,,0.0,2.0,1.0,1.0,A01,198 135,5.0,2021,12,20,13:45,1,2,4,1.0,3.0,75111,BOULEVARD VOLTAIRE,,"48,8623830000","2,3725280000",75,4,0.0,,4.0,4.0,(1),(1),1.0,1.0,2.0,, -1,1.0,-1.0,5.0,,30.0
,boulevarddemagenta,,,,2021-12-08T13:00:00+00:00,,,,100047533-101047533,89 boulevard de Magenta NO-SE,100047533.0,227.0,2018-11-28,https://filer.eco-counter-tools.com/file/48/4b322b77bb102481b9b6b9e0abfaa448eb9cd56d2705dd36305f48325d561548/15434006878980.jpg,"48.87756,2.35535",Y2H18086309,https://filer.eco-counter-tools.com/file/48/4b322b77bb102481b9b6b9e0abfaa448eb9cd56d2705dd36305f48325d561548/15434006878980.jpg/https://filer.eco-counter-tools.com/file/19/5c8e475d2cdb5d3c67b8f12550f341656199c6c27ed1458c0bd8c7b0279f2919/Y2H18086309_20210811133208.jpg/https://filer.eco-counter-tools.com/file/af/9972044d188d2cba90f454786f4a0c78780ad6ad46120e922cc7a5a800fe29af/Y2H18086309_20220802135826.jpg,https://filer.eco-counter-tools.com/file/48/4b322b77bb102481b9b6b9e0abfaa448eb9cd56d2705dd36305f48325d561548/15434006878980.jpg,https:,https://www.eco-visio.net/Photos/100047533,jpg,2021-12,202100004121,2.0,1,,0.0,2.0,8.0,19.0,B01,194 376,5.0,2021,12,8,13:12,1,2,5,1.0,3.0,75110,BOULEVARD DE MAGENTA,,"48,8785310000","2,3540530000",75,4,0.0,,2.0,6.0,(1),(1),2.0,2.0,1.0,, -1,1.0,5.0,5.0,,30.0
,boulevarddemagenta,,,,2021-12-08T13:00:00+00:00,,,,100047536-101047536,102 boulevard de Magenta SE-NO,100047536.0,197.0,2018-11-29,https://filer.eco-counter-tools.com/file/03/e22cb73a54d7e02b34309861a9184b1d57d842bc4c1c74b21b80b80029cfde03/15765760456770.jpg,"48.87769,2.35475",Y2H18086312,https://filer.eco-counter-tools.com/file/03/e22cb73a54d7e02b34309861a9184b1d57d842bc4c1c74b21b80b80029cfde03/15765760456770.jpg/https://filer.eco-counter-tools.com/file/e6/f1722de135aef7122b1bc5f38e53e8f58cd948e19f34eae9de3d8f79f12ba5e6/Y2H18086312_20210811132353.jpg/https://filer.eco-counter-tools.com/file/21/5b84f531a108dc2abe1dc1d2e1231da228d1cfecb0b84a2441bce8da54eeab21/Y2H18086312_20220802134752.jpg,https://filer.eco-counter-tools.com/file/03/e22cb73a54d7e02b34309861a9184b1d57d842bc4c1c74b21b80b80029cfde03/15765760456770.jpg,https:,https://www.eco-visio.net/Photos/100047536,jpg,2021-12,202100004121,2.0,1,,0.0,2.0,8.0,19.0,B01,194 376,5.0,2021,12,8,13:12,1,2,5,1.0,3.0,75110,BOULEVARD DE MAGENTA,,"48,8785310000","2,3540530000",75,4,0.0,,2.0,6.0,(1),(1),2.0,2.0,1.0,, -1,1.0,5.0,5.0,,30.0
,boulevarddemagenta,,,,2021-12-03T10:00:00+00:00,,,,100047533-101047533,89 boulevard de Magenta NO-SE,100047533.0,137.0,2018-11-28,https://filer.eco-counter-tools.com/file/48/4b322b77bb102481b9b6b9e0abfaa448eb9cd56d2705dd36305f48325d561548/15434006878980.jpg,"48.87756,2.35535",Y2H18086309,https://filer.eco-counter-tools.com/file/48/4b322b77bb102481b9b6b9e0abfaa448eb9cd56d2705dd36305f48325d561548/15434006878980.jpg/https://filer.eco-counter-tools.com/file/19/5c8e475d2cdb5d3c67b8f12550f341656199c6c27ed1458c0bd8c7b0279f2919/Y2H18086309_20210811133208.jpg/https://filer.eco-counter-tools.com/file/af/9972044d188d2cba90f454786f4a0c78780ad6ad46120e922cc7a5a800fe29af/Y2H18086309_20220802135826.jpg,https://filer.eco-counter-tools.com/file/48/4b322b77bb102481b9b6b9e0abfaa448eb9cd56d2705dd36305f48325d561548/15434006878980.jpg,https:,https://www.eco-visio.net/Photos/100047533,jpg,2021-12,202100004925,2.0,1,,1.0,0.0,1.0,1.0,B01,192 988,5.0,2021,12,3,10:45,1,2,3,3.0,2.0,75110,BOULEVARD DE MAGENTA,,"48,8718400000","2,3600260000",75,4,0.0,,1.0,4.0,(1),(1),1.0,1.0,1.0,, -1,2.0,0.0,5.0,,30.0
,boulevarddemagenta,,,,2021-12-03T10:00:00+00:00,,,,100047536-101047536,102 boulevard de Magenta SE-NO,100047536.0,104.0,2018-11-29,https://filer.eco-counter-tools.com/file/03/e22cb73a54d7e02b34309861a9184b1d57d842bc4c1c74b21b80b80029cfde03/15765760456770.jpg,"48.87769,2.35475",Y2H18086312,https://filer.eco-counter-tools.com/file/03/e22cb73a54d7e02b34309861a9184b1d57d842bc4c1c74b21b80b80029cfde03/15765760456770.jpg/https://filer.eco-counter-tools.com/file/e6/f1722de135aef7122b1bc5f38e53e8f58cd948e19f34eae9de3d8f79f12ba5e6/Y2H18086312_20210811132353.jpg/https://filer.eco-counter-tools.com/file/21/5b84f531a108dc2abe1dc1d2e1231da228d1cfecb0b84a2441bce8da54eeab21/Y2H18086312_20220802134752.jpg,https://filer.eco-counter-tools.com/file/03/e22cb73a54d7e02b34309861a9184b1d57d842bc4c1c74b21b80b80029cfde03/15765760456770.jpg,https:,https://www.eco-visio.net/Photos/100047536,jpg,2021-12,202100004925,2.0,1,,1.0,0.0,1.0,1.0,B01,192 988,5.0,2021,12,3,10:45,1,2,3,3.0,2.0,75110,BOULEVARD DE MAGENTA,,"48,8718400000","2,3600260000",75,4,0.0,,1.0,4.0,(1),(1),1.0,1.0,1.0,, -1,2.0,0.0,5.0,,30.0
,boulevardsaintgermain,,,,2021-12-08T12:00:00+00:00,,,,100050132-101050132,243 boulevard Saint Germain NO-SE,100050132.0,79.0,2018-12-13,https://filer.eco-counter-tools.com/file/f9/3f9330458af2a298f662a331c4a2ec104d9a2d6859676d4ffd00947a858b89f9/15765763964200.jpg,"48.86179,2.32014",Y2H18034810,https://filer.eco-counter-tools.com/file/f9/3f9330458af2a298f662a331c4a2ec104d9a2d6859676d4ffd00947a858b89f9/15765763964200.jpg/https://filer.eco-counter-tools.com/file/6a/3906b4054e3b35c857a89a5f411199a51d5b6041b247a4e9d628fca80268626a/Y2H18034810_20210810192535.jpg,https://filer.eco-counter-tools.com/file/f9/3f9330458af2a298f662a331c4a2ec104d9a2d6859676d4ffd00947a858b89f9/15765763964200.jpg,https:,https://www.eco-visio.net/Photos/100050132,jpg,2021-12,202100004123,1.0,1,,0.0,2.0,2.0,1.0,A01,194 371,5.0,2021,12,8,12:50,1,2,2,1.0,3.0,75107,BOULEVARD SAINT GERMAIN,,"48,8585020000","2,3231150000",75,4,0.0,,2.0,4.0,(1),(1),3.0,1.0,1.0,, -1,1.0,0.0,6.0,,30.0
,avenuedeschampselysees,,,,2021-12-22T18:00:00+00:00,,,,100056038-101056038,44 avenue des Champs Elysées SE-NO,100056038.0,72.0,2019-10-30,https://filer.eco-counter-tools.com/file/c1/c8f68c0bbec73d4fd7b0eaa8d23145541a6eb88080702028ee0c4133f6d4d8c1/15724491524180.jpg,"48.86999,2.30743",Y2H19070341,https://filer.eco-counter-tools.com/file/c1/c8f68c0bbec73d4fd7b0eaa8d23145541a6eb88080702028ee0c4133f6d4d8c1/15724491524180.jpg/https://filer.eco-counter-tools.com/file/a2/1b49ad9585537d0bfea08557e7701197df5aee498f0df73cf65ba3bba02946a2/Y2H19070341_20210811093328.jpg/https://filer.eco-counter-tools.com/file/5f/d4d5c5bd654cf989713a8f698321451b3dece54ebf77786882cf5b2ea879345f/Y2H19070341_20220802124458.jpg,https://filer.eco-counter-tools.com/file/c1/c8f68c0bbec73d4fd7b0eaa8d23145541a6eb88080702028ee0c4133f6d4d8c1/15724491524180.jpg,https:,https://www.eco-visio.net/Photos/100056038,jpg,2021-12,202100001749,1.0,1,,0.0,1.0,1.0,1.0,A01,198 661,5.0,2021,12,22,18:15,5,2,1,1.0,6.0,75108,AVENUE DES CHAMPS ELYSEES,,"48,8709430000","2,3039810000",75,4,0.0,,2.0,8.0,(1),(1),1.0,1.0,1.0,, -1,1.0,-1.0,5.0,,30.0
,avenuedeschampselysees,,,,2021-12-22T18:00:00+00:00,,,,100056042-101056042,33 avenue des Champs Elysées NO-SE,100056042.0,132.0,2019-10-30,https://filer.eco-counter-tools.com/file/58/0dd4b714bd926802d8e62cbf997d4e50209e9da17720389cfae79d269e545158/Y2H19070354_20220802125154.jpg,"48.86999,2.30722",Y2H19070354,https://filer.eco-counter-tools.com/file/58/0dd4b714bd926802d8e62cbf997d4e50209e9da17720389cfae79d269e545158/Y2H19070354_20220802125154.jpg/https://filer.eco-counter-tools.com/file/95/fc9fa5b07a6b070b18d330ebf89f7a15a0c6bb5671f787b021f369ec01caab95/Y2H19070354_20220802125206.jpg/https://filer.eco-counter-tools.com/file/52/3cd053f75764e9800c3f470120c6f9e5ca84efae5393f5a79b51b0e282f1e252/15724494591310.jpg/https://filer.eco-counter-tools.com/file/47/d9213da665b6ea82d978f0b78ecf8bbe62b5a009bbf599be05afa68439adbf47/Y2H19070354_20210811094040.jpg,https://filer.eco-counter-tools.com/file/58/0dd4b714bd926802d8e62cbf997d4e50209e9da17720389cfae79d269e545158/Y2H19070354_20220802125154.jpg,https:,https://www.eco-visio.net/Photos/100056042,jpg,2021-12,202100001749,1.0,1,,0.0,1.0,1.0,1.0,A01,198 661,5.0,2021,12,22,18:15,5,2,1,1.0,6.0,75108,AVENUE DES CHAMPS ELYSEES,,"48,8709430000","2,3039810000",75,4,0.0,,2.0,8.0,(1),(1),1.0,1.0,1.0,, -1,1.0,-1.0,5.0,,30.0
,quaidelatournelle,,,,2021-12-01T11:00:00+00:00,,,,100056336-106056336,27 quai de la Tournelle NO-SE,100056336.0,72.0,2019-11-14,https://filer.eco-counter-tools.com/file/2c/fff4646e401ec8bc0a8ad926fa18aa5898e333e683f8d31b82b4092053a36c2c/Y2H19070383_20220803104828.jpg,"48.85013,2.35423",Y2H19070383,https://filer.eco-counter-tools.com/file/2c/fff4646e401ec8bc0a8ad926fa18aa5898e333e683f8d31b82b4092053a36c2c/Y2H19070383_20220803104828.jpg/https://filer.eco-counter-tools.com/file/e0/a60a0302edda30b1121eae6bdcb811c738aa7390bc6e19735c651eba12febae0/15736425280750.jpg/https://filer.eco-counter-tools.com/file/2d/9fb9cbac1a27c6f0bd8fc7cadd113c2193a80dad5ef6839ed5961ea81220ab2d/Y2H19070383_20210810181445.jpg,https://filer.eco-counter-tools.com/file/2c/fff4646e401ec8bc0a8ad926fa18aa5898e333e683f8d31b82b4092053a36c2c/Y2H19070383_20220803104828.jpg,https:,https://www.eco-visio.net/Photos/100056336,jpg,2021-12,202100005373,1.0,1,,0.0,2.0,8.0,1.0,A01,192 183,5.0,2021,12,1,11:00,1,2,2,3.0,3.0,75105,QUAI DE LA TOURNELLE,,"48,8511310000","2,3513150000",75,4,0.0,,2.0,4.0,(1),(1),1.0,1.0,1.0,, -1,2.0,0.0,5.0,,30.0
,quaidelatournelle,,,,2021-12-01T11:00:00+00:00,,,,100056336-105056336,27 quai de la Tournelle SE-NO,100056336.0,147.0,2019-11-14,https://filer.eco-counter-tools.com/file/2c/fff4646e401ec8bc0a8ad926fa18aa5898e333e683f8d31b82b4092053a36c2c/Y2H19070383_20220803104828.jpg,"48.85013,2.35423",Y2H19070383,https://filer.eco-counter-tools.com/file/2c/fff4646e401ec8bc0a8ad926fa18aa5898e333e683f8d31b82b4092053a36c2c/Y2H19070383_20220803104828.jpg/https://filer.eco-counter-tools.com/file/e0/a60a0302edda30b1121eae6bdcb811c738aa7390bc6e19735c651eba12febae0/15736425280750.jpg/https://filer.eco-counter-tools.com/file/2d/9fb9cbac1a27c6f0bd8fc7cadd113c2193a80dad5ef6839ed5961ea81220ab2d/Y2H19070383_20210810181445.jpg,https://filer.eco-counter-tools.com/file/2c/fff4646e401ec8bc0a8ad926fa18aa5898e333e683f8d31b82b4092053a36c2c/Y2H19070383_20220803104828.jpg,https:,https://www.eco-visio.net/Photos/100056336,jpg,2021-12,202100005373,1.0,1,,0.0,2.0,8.0,1.0,A01,192 183,5.0,2021,12,1,11:00,1,2,2,3.0,3.0,75105,QUAI DE LA TOURNELLE,,"48,8511310000","2,3513150000",75,4,0.0,,2.0,4.0,(1),(1),1.0,1.0,1.0,, -1,2.0,0.0,5.0,,30.0
,ruedevaugirard,,,,2021-12-13T08:00:00+00:00,,,,300014702-353245972,254 rue de Vaugirard NE-SO,300014702.0,101.0,2020-11-29,https://filer.eco-counter-tools.com/file/ea/42ec33606878b15fa6adead8f1f17ad6fbcc1544db9ac98c45bbdfa3e69a8aea/Y2H20114504_20201209121107.jpg,"48.83985,2.30202",Y2H20114504,https://filer.eco-counter-tools.com/file/ea/42ec33606878b15fa6adead8f1f17ad6fbcc1544db9ac98c45bbdfa3e69a8aea/Y2H20114504_20201209121107.jpg/https://filer.eco-counter-tools.com/file/b4/be9fd8e3c7ba1367d5c186cc7f5c357f29eaffb3ed0746d08d253881fa910eb4/Y2H20114504_20220707105416.jpg/https://filer.eco-counter-tools.com/file/45/1cecfc3f703b622f83c347c4600acf78fe99038bb3d3f114a5ef48799f95d045/Y2H20114504_20220803114114.jpg,https://filer.eco-counter-tools.com/file/ea/42ec33606878b15fa6adead8f1f17ad6fbcc1544db9ac98c45bbdfa3e69a8aea/Y2H20114504_20201209121107.jpg,https:,https://www.eco-visio.net/Photos/300014702,jpg,2021-12,202100003160,2.0,1,,0.0,1.0,0.0,21.0,A01,196 115,5.0,2021,12,13,08:20,1,2,1,1.0,6.0,75115,RUE DE VAUGIRARD,,"48,8365460000","2,2950000000",75,4,0.0,,1.0,2.0,(1),(1),0.0,1.0,1.0,, -1,1.0,0.0,1.0,,30.0
,ruedevaugirard,,,,2021-12-13T08:00:00+00:00,,,,300014702-353245971,254 rue de Vaugirard SO-NE,300014702.0,221.0,2020-11-29,https://filer.eco-counter-tools.com/file/ea/42ec33606878b15fa6adead8f1f17ad6fbcc1544db9ac98c45bbdfa3e69a8aea/Y2H20114504_20201209121107.jpg,"48.83985,2.30202",Y2H20114504,https://filer.eco-counter-tools.com/file/ea/42ec33606878b15fa6adead8f1f17ad6fbcc1544db9ac98c45bbdfa3e69a8aea/Y2H20114504_20201209121107.jpg/https://filer.eco-counter-tools.com/file/b4/be9fd8e3c7ba1367d5c186cc7f5c357f29eaffb3ed0746d08d253881fa910eb4/Y2H20114504_20220707105416.jpg/https://filer.eco-counter-tools.com/file/45/1cecfc3f703b622f83c347c4600acf78fe99038bb3d3f114a5ef48799f95d045/Y2H20114504_20220803114114.jpg,https://filer.eco-counter-tools.com/file/ea/42ec33606878b15fa6adead8f1f17ad6fbcc1544db9ac98c45bbdfa3e69a8aea/Y2H20114504_20201209121107.jpg,https:,https://www.eco-visio.net/Photos/300014702,jpg,2021-12,202100003160,2.0,1,,0.0,1.0,0.0,21.0,A01,196 115,5.0,2021,12,13,08:20,1,2,1,1.0,6.0,75115,RUE DE VAUGIRARD,,"48,8365460000","2,2950000000",75,4,0.0,,1.0,2.0,(1),(1),0.0,1.0,1.0,, -1,1.0,0.0,1.0,,30.0
,ruesaintjacques,,,,2021-12-17T12:00:00+00:00,,,,300021312-353293580,30 rue Saint Jacques N-S,300021312.0,192.0,2021-11-30,https://filer.eco-counter-tools.com/file/20/c9d85cea2f07f6304a7df7042b0fb4878436ba98c48d76795f5c47df9ec45c20/Y2H21110998_20211129170204.jpg,"48.851131,2.345678",Y2H21110998,https://filer.eco-counter-tools.com/file/20/c9d85cea2f07f6304a7df7042b0fb4878436ba98c48d76795f5c47df9ec45c20/Y2H21110998_20211129170204.jpg,https://filer.eco-counter-tools.com/file/20/c9d85cea2f07f6304a7df7042b0fb4878436ba98c48d76795f5c47df9ec45c20/Y2H21110998_20211129170204.jpg,https:,https://www.eco-visio.net/Photos/300021312,jpg,2021-12,202100002379,0.0,1,,0.0,2.0,1.0,1.0,B01,197 529,5.0,2021,12,17,12:40,1,2,2,1.0,1.0,91223,SAINT JACQUES (RUE),,"48,4332800000","2,1552400000",91,4,0.0,,2.0,2.0,0,0,0.0,1.0,1.0,, -1,1.0,5.0,1.0,,50.0
